dataset,ablation,model,model_parameters,num_features,features,train_samples,test_samples,mean_pixel_error,median_pixel_error,std_pixel_error,min_pixel_error,max_pixel_error,q25_pixel_error,q75_pixel_error,mean_x_error_pixels,median_x_error_pixels,mean_y_error_pixels,median_y_error_pixels,p90_pixel_error
ExperimentHeadMovement,SQUARED_AND_INTERACTIONS,mlp,"{'hidden_layer_sizes': (64, 32), 'activation': 'relu', 'solver': 'adam', 'alpha': 1.0, 'learning_rate_init': 0.001, 'max_iter': 2000}",14,"avg_iris_rel_face_x_norm, avg_iris_rel_face_y_norm, face_yaw, face_pitch, face_roll, yaw_avg_iris_x_interaction, pitch_avg_iris_y_interaction, roll_avg_iris_x_interaction, roll_avg_iris_y_interaction, yaw_squared, pitch_squared, roll_squared, avg_iris_rel_face_x_norm_squared, avg_iris_rel_face_y_norm_squared",400,100,556.0670270347583,515.5908261069869,277.56311383878574,105.8111444204969,1465.1975232210139,351.3661920409512,743.0983980719684,459.22156857703396,425.5506111215492,237.14888270830662,212.70431092783582,885.3888062346593
ExperimentHeadMovement,SQUARED_AND_INTERACTIONS,linear,,14,"avg_iris_rel_face_x_norm, avg_iris_rel_face_y_norm, face_yaw, face_pitch, face_roll, yaw_avg_iris_x_interaction, pitch_avg_iris_y_interaction, roll_avg_iris_x_interaction, roll_avg_iris_y_interaction, yaw_squared, pitch_squared, roll_squared, avg_iris_rel_face_x_norm_squared, avg_iris_rel_face_y_norm_squared",400,100,560.0796864374483,517.6339095268065,265.97689571970784,44.59010664769348,1440.3058399952415,370.7528311294236,733.1113748177792,462.91316174689905,431.20565152900593,248.03205014082306,234.181268729438,869.1754923598987
ExperimentHeadMovement,SQUARED_AND_INTERACTIONS,ridge,{'alpha': 0.01},14,"avg_iris_rel_face_x_norm, avg_iris_rel_face_y_norm, face_yaw, face_pitch, face_roll, yaw_avg_iris_x_interaction, pitch_avg_iris_y_interaction, roll_avg_iris_x_interaction, roll_avg_iris_y_interaction, yaw_squared, pitch_squared, roll_squared, avg_iris_rel_face_x_norm_squared, avg_iris_rel_face_y_norm_squared",400,100,561.1637886934722,518.459616126717,266.14376695334516,56.51608766008759,1442.1905470364677,372.86721897494897,731.2368898764519,463.76042132156215,429.7473791359074,247.73573901566215,228.02145499062607,871.7609348966816
ExperimentHeadMovement,SQUARED_AND_INTERACTIONS,ridge,{'alpha': 0.1},14,"avg_iris_rel_face_x_norm, avg_iris_rel_face_y_norm, face_yaw, face_pitch, face_roll, yaw_avg_iris_x_interaction, pitch_avg_iris_y_interaction, roll_avg_iris_x_interaction, roll_avg_iris_y_interaction, yaw_squared, pitch_squared, roll_squared, avg_iris_rel_face_x_norm_squared, avg_iris_rel_face_y_norm_squared",400,100,565.6301889874723,534.8774393584993,266.71423282742677,80.34423647608257,1450.8755038045113,387.29990963190653,713.2283655675905,468.60634286674883,430.23047564923354,247.68427904917505,220.06546796407054,907.2664977800691
ExperimentHeadMovement,SQUARED_AND_INTERACTIONS,mlp,"{'hidden_layer_sizes': (64, 32), 'activation': 'relu', 'solver': 'adam', 'alpha': 0.1, 'learning_rate_init': 0.001, 'max_iter': 2000}",14,"avg_iris_rel_face_x_norm, avg_iris_rel_face_y_norm, face_yaw, face_pitch, face_roll, yaw_avg_iris_x_interaction, pitch_avg_iris_y_interaction, roll_avg_iris_x_interaction, roll_avg_iris_y_interaction, yaw_squared, pitch_squared, roll_squared, avg_iris_rel_face_x_norm_squared, avg_iris_rel_face_y_norm_squared",400,100,570.692833177564,521.7024882529952,266.20184058059266,128.4377478587534,1476.9546688024532,380.0332002108368,758.8355746631865,465.1568311223514,411.89293920137567,249.34289247836648,208.26741168348855,905.041041945342
ExperimentHeadMovement,SQUARED_AND_INTERACTIONS,ridge,{'alpha': 1.0},14,"avg_iris_rel_face_x_norm, avg_iris_rel_face_y_norm, face_yaw, face_pitch, face_roll, yaw_avg_iris_x_interaction, pitch_avg_iris_y_interaction, roll_avg_iris_x_interaction, roll_avg_iris_y_interaction, yaw_squared, pitch_squared, roll_squared, avg_iris_rel_face_x_norm_squared, avg_iris_rel_face_y_norm_squared",400,100,573.7701668978067,535.0566284531722,267.29912562988847,71.58760089013185,1458.5748070896216,396.25267668691936,734.8157639581307,476.97645708783654,433.39782184894784,249.55935555304117,218.71422949763536,929.2982178281026
ExperimentHeadMovement,SQUARED_AND_INTERACTIONS,mlp,"{'hidden_layer_sizes': (64, 32), 'activation': 'relu', 'solver': 'adam', 'alpha': 0.01, 'learning_rate_init': 0.001, 'max_iter': 2000}",14,"avg_iris_rel_face_x_norm, avg_iris_rel_face_y_norm, face_yaw, face_pitch, face_roll, yaw_avg_iris_x_interaction, pitch_avg_iris_y_interaction, roll_avg_iris_x_interaction, roll_avg_iris_y_interaction, yaw_squared, pitch_squared, roll_squared, avg_iris_rel_face_x_norm_squared, avg_iris_rel_face_y_norm_squared",400,100,575.2835620519073,528.8519646646939,266.82354810272784,122.59643177381773,1482.4146505847784,383.3636694477202,750.685289411916,469.7263800629123,419.8052850278574,252.89606682455624,215.6527044795925,920.9615293302536
ExperimentHeadMovement,SQUARED_AND_INTERACTIONS,svr,"{'kernel': 'rbf', 'C': 1.0, 'epsilon': 0.1}",14,"avg_iris_rel_face_x_norm, avg_iris_rel_face_y_norm, face_yaw, face_pitch, face_roll, yaw_avg_iris_x_interaction, pitch_avg_iris_y_interaction, roll_avg_iris_x_interaction, roll_avg_iris_y_interaction, yaw_squared, pitch_squared, roll_squared, avg_iris_rel_face_x_norm_squared, avg_iris_rel_face_y_norm_squared",400,100,589.1632809652555,535.0559945285164,312.04337911588937,75.56577493699693,1860.9121532445017,372.688872557689,791.6545141598683,481.9884269216787,468.2974579424936,260.27156638792167,223.2306624267794,956.1340393545989
ExperimentHeadMovement,SQUARED_AND_INTERACTIONS,elasticnet,"{'alpha': 0.01, 'l1_ratio': 0.5, 'max_iter': 2000}",14,"avg_iris_rel_face_x_norm, avg_iris_rel_face_y_norm, face_yaw, face_pitch, face_roll, yaw_avg_iris_x_interaction, pitch_avg_iris_y_interaction, roll_avg_iris_x_interaction, roll_avg_iris_y_interaction, yaw_squared, pitch_squared, roll_squared, avg_iris_rel_face_x_norm_squared, avg_iris_rel_face_y_norm_squared",400,100,592.8107641756802,561.8729719456821,258.24011713458725,122.01529107970282,1359.4016186532256,398.26998280775257,746.5426240428778,497.6571522203613,467.44723057616005,253.46540012081456,227.03920536603357,957.786731875342
ExperimentHeadMovement,SQUARED_AND_INTERACTIONS,hist_gradient_boosting,"{'max_iter': 2000, 'learning_rate': 0.001, 'max_depth': 5, 'min_samples_leaf': 5}",14,"avg_iris_rel_face_x_norm, avg_iris_rel_face_y_norm, face_yaw, face_pitch, face_roll, yaw_avg_iris_x_interaction, pitch_avg_iris_y_interaction, roll_avg_iris_x_interaction, roll_avg_iris_y_interaction, yaw_squared, pitch_squared, roll_squared, avg_iris_rel_face_x_norm_squared, avg_iris_rel_face_y_norm_squared",400,100,593.3719245936156,589.6843884223633,261.3086024677285,70.26468772348721,1231.7172232235512,382.37030670221816,770.925592260957,476.4922127548309,459.0431985729373,275.84132874900905,226.11263354143836,933.6336395412148
ExperimentHeadMovement,SQUARED_AND_INTERACTIONS,hist_gradient_boosting,"{'max_iter': 2000, 'learning_rate': 0.001, 'max_depth': 5, 'min_samples_leaf': 3}",14,"avg_iris_rel_face_x_norm, avg_iris_rel_face_y_norm, face_yaw, face_pitch, face_roll, yaw_avg_iris_x_interaction, pitch_avg_iris_y_interaction, roll_avg_iris_x_interaction, roll_avg_iris_y_interaction, yaw_squared, pitch_squared, roll_squared, avg_iris_rel_face_x_norm_squared, avg_iris_rel_face_y_norm_squared",400,100,596.9282735000925,613.4045839553291,260.32576995031627,146.29063546842337,1227.1837099876432,368.354807374933,773.9313439460493,476.65577484010566,483.2068960605433,280.9840894060484,239.38426356125655,944.1483798623484
ExperimentHeadMovement,SQUARED_AND_INTERACTIONS,random_forest,"{'n_estimators': 300, 'max_depth': 10, 'min_samples_leaf': 3}",14,"avg_iris_rel_face_x_norm, avg_iris_rel_face_y_norm, face_yaw, face_pitch, face_roll, yaw_avg_iris_x_interaction, pitch_avg_iris_y_interaction, roll_avg_iris_x_interaction, roll_avg_iris_y_interaction, yaw_squared, pitch_squared, roll_squared, avg_iris_rel_face_x_norm_squared, avg_iris_rel_face_y_norm_squared",400,100,601.1551683414765,594.6321940661837,275.32871157979173,49.852121898316256,1248.1814966583304,389.5634044692075,813.8173716167494,489.1849793932135,454.8763703157951,277.76671971346127,241.27843212805698,951.7192652505579
ExperimentHeadMovement,SQUARED_AND_INTERACTIONS,random_forest,"{'n_estimators': 300, 'max_depth': 10, 'min_samples_leaf': 5}",14,"avg_iris_rel_face_x_norm, avg_iris_rel_face_y_norm, face_yaw, face_pitch, face_roll, yaw_avg_iris_x_interaction, pitch_avg_iris_y_interaction, roll_avg_iris_x_interaction, roll_avg_iris_y_interaction, yaw_squared, pitch_squared, roll_squared, avg_iris_rel_face_x_norm_squared, avg_iris_rel_face_y_norm_squared",400,100,604.3480006579397,598.733864449212,272.17903899593205,97.82907040584327,1281.2074384448326,389.0337457258595,791.1471830193889,493.4077987906505,486.72533978181286,278.7967021927592,243.46582307722463,949.1175829509757
ExperimentHeadMovement,SQUARED_AND_INTERACTIONS,mlp,"{'hidden_layer_sizes': (32,), 'activation': 'relu', 'solver': 'adam', 'alpha': 1.0, 'learning_rate_init': 0.001, 'max_iter': 2000}",14,"avg_iris_rel_face_x_norm, avg_iris_rel_face_y_norm, face_yaw, face_pitch, face_roll, yaw_avg_iris_x_interaction, pitch_avg_iris_y_interaction, roll_avg_iris_x_interaction, roll_avg_iris_y_interaction, yaw_squared, pitch_squared, roll_squared, avg_iris_rel_face_x_norm_squared, avg_iris_rel_face_y_norm_squared",400,100,605.197237265225,540.466206045446,300.5595946173421,97.01132986894322,1425.7405696940848,404.89728582464505,791.8461019556557,504.9800570886905,469.81907157142484,254.68211727452922,217.99322049978468,1008.1257974114072
ExperimentHeadMovement,SQUARED_AND_INTERACTIONS,random_forest,"{'n_estimators': 300, 'max_depth': 5, 'min_samples_leaf': 3}",14,"avg_iris_rel_face_x_norm, avg_iris_rel_face_y_norm, face_yaw, face_pitch, face_roll, yaw_avg_iris_x_interaction, pitch_avg_iris_y_interaction, roll_avg_iris_x_interaction, roll_avg_iris_y_interaction, yaw_squared, pitch_squared, roll_squared, avg_iris_rel_face_x_norm_squared, avg_iris_rel_face_y_norm_squared",400,100,605.2467132396473,591.8368106216833,265.5929410980512,122.31107735637207,1281.8031054151008,373.8431470553127,746.2708915648504,494.26309743915766,477.62012267830096,279.20855740784185,247.10121721318188,967.8126611697485
ExperimentHeadMovement,SQUARED_AND_INTERACTIONS,random_forest,"{'n_estimators': 100, 'max_depth': 10, 'min_samples_leaf': 3}",14,"avg_iris_rel_face_x_norm, avg_iris_rel_face_y_norm, face_yaw, face_pitch, face_roll, yaw_avg_iris_x_interaction, pitch_avg_iris_y_interaction, roll_avg_iris_x_interaction, roll_avg_iris_y_interaction, yaw_squared, pitch_squared, roll_squared, avg_iris_rel_face_x_norm_squared, avg_iris_rel_face_y_norm_squared",400,100,605.9371258163673,612.2853564915742,279.5054365692789,68.70149169761997,1276.7108730105297,393.3118073522029,783.993842038514,494.7905102299105,477.21354816017333,275.8869815217677,237.14401130119882,954.2361928943515
ExperimentHeadMovement,SQUARED_AND_INTERACTIONS,random_forest,"{'n_estimators': 300, 'max_depth': 5, 'min_samples_leaf': 5}",14,"avg_iris_rel_face_x_norm, avg_iris_rel_face_y_norm, face_yaw, face_pitch, face_roll, yaw_avg_iris_x_interaction, pitch_avg_iris_y_interaction, roll_avg_iris_x_interaction, roll_avg_iris_y_interaction, yaw_squared, pitch_squared, roll_squared, avg_iris_rel_face_x_norm_squared, avg_iris_rel_face_y_norm_squared",400,100,607.7542857479274,598.6798416904476,266.8284948794681,133.57906893875767,1302.8431351801241,365.91799067358227,758.3498595868492,497.191847924321,480.5793338240759,278.84311547701776,254.1291891497581,971.8188855412609
ExperimentHeadMovement,SQUARED_AND_INTERACTIONS,random_forest,"{'n_estimators': 100, 'max_depth': 10, 'min_samples_leaf': 5}",14,"avg_iris_rel_face_x_norm, avg_iris_rel_face_y_norm, face_yaw, face_pitch, face_roll, yaw_avg_iris_x_interaction, pitch_avg_iris_y_interaction, roll_avg_iris_x_interaction, roll_avg_iris_y_interaction, yaw_squared, pitch_squared, roll_squared, avg_iris_rel_face_x_norm_squared, avg_iris_rel_face_y_norm_squared",400,100,608.631615150575,608.9046993063951,277.0455329536632,105.20043555888213,1295.02679695174,380.97513994537894,800.485992059275,498.58710961660245,509.6949736072754,276.60976604644793,249.5505350700427,961.4499141797444
ExperimentHeadMovement,SQUARED_AND_INTERACTIONS,random_forest,"{'n_estimators': 100, 'max_depth': 5, 'min_samples_leaf': 3}",14,"avg_iris_rel_face_x_norm, avg_iris_rel_face_y_norm, face_yaw, face_pitch, face_roll, yaw_avg_iris_x_interaction, pitch_avg_iris_y_interaction, roll_avg_iris_x_interaction, roll_avg_iris_y_interaction, yaw_squared, pitch_squared, roll_squared, avg_iris_rel_face_x_norm_squared, avg_iris_rel_face_y_norm_squared",400,100,609.9511111449887,624.52811321335,267.43887903830256,130.11476049398203,1273.474884261443,385.33074705383535,751.2842709686079,498.57606914856547,489.9941702305227,279.24306361695994,248.33952428346043,981.7427391391597
ExperimentHeadMovement,SQUARED_AND_INTERACTIONS,lasso,{'alpha': 0.01},14,"avg_iris_rel_face_x_norm, avg_iris_rel_face_y_norm, face_yaw, face_pitch, face_roll, yaw_avg_iris_x_interaction, pitch_avg_iris_y_interaction, roll_avg_iris_x_interaction, roll_avg_iris_y_interaction, yaw_squared, pitch_squared, roll_squared, avg_iris_rel_face_x_norm_squared, avg_iris_rel_face_y_norm_squared",400,100,610.2190257494366,578.5881617198495,256.56681770754426,186.84509951405462,1313.7354979497932,402.71247918424507,749.3952032837999,512.8455173663912,472.0074204566414,260.0094687585032,239.99092344286464,986.4121588310907
ExperimentHeadMovement,SQUARED_AND_INTERACTIONS,random_forest,"{'n_estimators': 100, 'max_depth': 5, 'min_samples_leaf': 5}",14,"avg_iris_rel_face_x_norm, avg_iris_rel_face_y_norm, face_yaw, face_pitch, face_roll, yaw_avg_iris_x_interaction, pitch_avg_iris_y_interaction, roll_avg_iris_x_interaction, roll_avg_iris_y_interaction, yaw_squared, pitch_squared, roll_squared, avg_iris_rel_face_x_norm_squared, avg_iris_rel_face_y_norm_squared",400,100,611.2720332515651,630.2175454687759,270.280524571569,131.88056940674076,1299.546347437175,396.3241381797452,770.4052438336955,499.9531913437591,501.29821957654985,278.31879765262823,254.64038627902656,963.5709272449642
ExperimentHeadMovement,SQUARED_AND_INTERACTIONS,hist_gradient_boosting,"{'max_iter': 2000, 'learning_rate': 0.001, 'max_depth': 10, 'min_samples_leaf': 5}",14,"avg_iris_rel_face_x_norm, avg_iris_rel_face_y_norm, face_yaw, face_pitch, face_roll, yaw_avg_iris_x_interaction, pitch_avg_iris_y_interaction, roll_avg_iris_x_interaction, roll_avg_iris_y_interaction, yaw_squared, pitch_squared, roll_squared, avg_iris_rel_face_x_norm_squared, avg_iris_rel_face_y_norm_squared",400,100,613.6940089370447,582.23898578681,282.15726028681183,75.18926093404362,1275.2776933429686,383.64219239512846,829.6686366872002,490.9419579718862,457.2951230786337,285.52246279665195,215.4069588864328,1003.27407205815
ExperimentHeadMovement,SQUARED_AND_INTERACTIONS,hist_gradient_boosting,"{'max_iter': 2000, 'learning_rate': 0.001, 'max_depth': 10, 'min_samples_leaf': 3}",14,"avg_iris_rel_face_x_norm, avg_iris_rel_face_y_norm, face_yaw, face_pitch, face_roll, yaw_avg_iris_x_interaction, pitch_avg_iris_y_interaction, roll_avg_iris_x_interaction, roll_avg_iris_y_interaction, yaw_squared, pitch_squared, roll_squared, avg_iris_rel_face_x_norm_squared, avg_iris_rel_face_y_norm_squared",400,100,619.3716702946805,594.5455848679974,287.35745673037746,61.36954587449325,1328.4577398149825,370.62088488099147,836.2700457014942,499.5470586523144,487.1935469490203,283.13741718618377,223.42440471986686,1009.5094202481363
ExperimentHeadMovement,SQUARED_AND_INTERACTIONS,polynomial_ridge,"{'degree': 2, 'alpha': 1.0}",14,"avg_iris_rel_face_x_norm, avg_iris_rel_face_y_norm, face_yaw, face_pitch, face_roll, yaw_avg_iris_x_interaction, pitch_avg_iris_y_interaction, roll_avg_iris_x_interaction, roll_avg_iris_y_interaction, yaw_squared, pitch_squared, roll_squared, avg_iris_rel_face_x_norm_squared, avg_iris_rel_face_y_norm_squared",400,100,626.2502337067366,586.0274832168142,368.52627681928504,59.863245656157545,2187.2006788519207,390.7093893115969,812.6326372519593,521.2302965126578,484.14196776348047,264.98670823562685,238.8126651328924,1021.5498864682879
ExperimentHeadMovement,RELATIVE_IRIS_TO_FACE,decision_tree,"{'max_depth': 5, 'min_samples_leaf': 5}",4,"left_iris_rel_face_x, left_iris_rel_face_y, right_iris_rel_face_x, right_iris_rel_face_y",400,100,628.8462612048977,616.4729577627762,318.74526604581024,57.31710041514655,1495.8640698771321,368.7416780005289,802.6350403943652,507.93738525510315,462.6279069767445,284.72431152827926,269.7674418604649,1166.9897291281832
ExperimentHeadMovement,RELATIVE_IRIS_TO_FACE,decision_tree,"{'max_depth': 5, 'min_samples_leaf': 3}",4,"left_iris_rel_face_x, left_iris_rel_face_y, right_iris_rel_face_x, right_iris_rel_face_y",400,100,629.6110323360529,616.4729577627762,319.3365827814338,109.11461863563491,1495.8640698771321,368.7416780005289,812.319953122644,510.0309566836746,462.6279069767445,284.1534186711364,269.7674418604649,1166.9897291281832
ExperimentHeadMovement,RELATIVE_IRIS_TO_FACE,random_forest,"{'n_estimators': 100, 'max_depth': 10, 'min_samples_leaf': 5}",4,"left_iris_rel_face_x, left_iris_rel_face_y, right_iris_rel_face_x, right_iris_rel_face_y",400,100,630.13766904139,586.7340472907052,324.4105290218376,84.74015396724432,1538.06937532326,383.5410632376793,818.1571765009984,518.3903766842459,483.30550184447895,277.00692146767256,247.30120368974272,995.3517659572319
ExperimentHeadMovement,RELATIVE_IRIS_TO_FACE,random_forest,"{'n_estimators': 300, 'max_depth': 10, 'min_samples_leaf': 5}",4,"left_iris_rel_face_x, left_iris_rel_face_y, right_iris_rel_face_x, right_iris_rel_face_y",400,100,633.0345901677819,575.0532662361818,324.83656509707913,75.83080819881536,1555.960759613481,383.0945199725072,830.6341019105193,522.6083588481034,456.89357924083913,277.3572170096948,243.52434939277754,1023.8426898117832
ExperimentHeadMovement,RELATIVE_IRIS_TO_FACE,random_forest,"{'n_estimators': 300, 'max_depth': 10, 'min_samples_leaf': 3}",4,"left_iris_rel_face_x, left_iris_rel_face_y, right_iris_rel_face_x, right_iris_rel_face_y",400,100,636.5269203546032,557.2833548027877,337.11289348776614,30.882781548637286,1584.7086235276388,395.2433880636618,838.6499030682296,526.2864953744602,464.6936175176111,279.1675420195303,252.25167022847927,1039.514686618396
ExperimentHeadMovement,RELATIVE_IRIS_TO_FACE,random_forest,"{'n_estimators': 100, 'max_depth': 10, 'min_samples_leaf': 3}",4,"left_iris_rel_face_x, left_iris_rel_face_y, right_iris_rel_face_x, right_iris_rel_face_y",400,100,636.8521247485206,559.4492347711014,337.9683592158096,49.667088054254485,1590.0377518009527,386.78438901307,849.6936236857146,526.3071339212984,456.909195383783,278.592346525632,247.0260102831654,1007.769791745049
ExperimentHeadMovement,RELATIVE_IRIS_TO_FACE,random_forest,"{'n_estimators': 100, 'max_depth': 5, 'min_samples_leaf': 5}",4,"left_iris_rel_face_x, left_iris_rel_face_y, right_iris_rel_face_x, right_iris_rel_face_y",400,100,638.0645543250747,611.4421555261827,276.9705944262726,120.36911526128802,1510.5755036103758,420.2572917728027,830.9752678738248,531.5030013878367,508.8058757367854,278.6744750051823,258.0172107091262,951.26722337783
ExperimentHeadMovement,RELATIVE_IRIS_TO_FACE,hist_gradient_boosting,"{'max_iter': 2000, 'learning_rate': 0.001, 'max_depth': 5, 'min_samples_leaf': 5}",4,"left_iris_rel_face_x, left_iris_rel_face_y, right_iris_rel_face_x, right_iris_rel_face_y",400,100,638.4538134319673,603.147084165033,306.493748744408,54.89361099679815,1526.5661126747889,403.44489646511244,848.0413541006311,529.5781963552392,496.35713012678013,274.4971882652601,260.8713646542329,997.5440842052478
ExperimentHeadMovement,RELATIVE_IRIS_TO_FACE,random_forest,"{'n_estimators': 300, 'max_depth': 5, 'min_samples_leaf': 3}",4,"left_iris_rel_face_x, left_iris_rel_face_y, right_iris_rel_face_x, right_iris_rel_face_y",400,100,639.3093045067628,579.4779910614968,278.14214338209086,156.53854984096944,1516.1027345450807,416.75912849682163,833.3502275982548,533.0379732947914,476.65821483206616,277.49490986830324,266.1274224350182,968.7864277647227
ExperimentHeadMovement,RELATIVE_IRIS_TO_FACE,random_forest,"{'n_estimators': 300, 'max_depth': 5, 'min_samples_leaf': 5}",4,"left_iris_rel_face_x, left_iris_rel_face_y, right_iris_rel_face_x, right_iris_rel_face_y",400,100,639.7653233608642,593.0928728829954,277.85544413905683,140.4880592150776,1511.6636342570825,415.3158078882398,825.7805330285036,533.369844008273,503.2869354398217,277.73167607870306,260.2577378767409,973.5212063708619
ExperimentHeadMovement,RELATIVE_IRIS_TO_FACE,random_forest,"{'n_estimators': 100, 'max_depth': 5, 'min_samples_leaf': 3}",4,"left_iris_rel_face_x, left_iris_rel_face_y, right_iris_rel_face_x, right_iris_rel_face_y",400,100,641.6918985443212,589.1516960751621,277.8811099919633,119.06970155063944,1508.0929162266204,419.80688722383036,839.8862801369289,534.5509571846035,493.6341813114336,280.0128594031943,260.35798828543915,996.8219613597576
ExperimentHeadMovement,SQUARED_AND_INTERACTIONS,knn,"{'n_neighbors': 10, 'weights': 'distance'}",14,"avg_iris_rel_face_x_norm, avg_iris_rel_face_y_norm, face_yaw, face_pitch, face_roll, yaw_avg_iris_x_interaction, pitch_avg_iris_y_interaction, roll_avg_iris_x_interaction, roll_avg_iris_y_interaction, yaw_squared, pitch_squared, roll_squared, avg_iris_rel_face_x_norm_squared, avg_iris_rel_face_y_norm_squared",400,100,645.7039020934542,631.7799438556533,280.72168188884797,107.962517247109,1342.5667221037243,427.2436589835868,802.6582457186785,538.8215996388835,537.4794358596528,280.7727559845806,241.53607437059395,1057.8803813618094
ExperimentHeadMovement,SQUARED_AND_INTERACTIONS,mlp,"{'hidden_layer_sizes': (32,), 'activation': 'relu', 'solver': 'adam', 'alpha': 0.01, 'learning_rate_init': 0.001, 'max_iter': 2000}",14,"avg_iris_rel_face_x_norm, avg_iris_rel_face_y_norm, face_yaw, face_pitch, face_roll, yaw_avg_iris_x_interaction, pitch_avg_iris_y_interaction, roll_avg_iris_x_interaction, roll_avg_iris_y_interaction, yaw_squared, pitch_squared, roll_squared, avg_iris_rel_face_x_norm_squared, avg_iris_rel_face_y_norm_squared",400,100,645.7414867380809,554.7812162247521,347.8603933161546,81.36938018707855,1926.5532232537307,435.2689370162026,827.0936270058526,540.5596122711763,476.97792719716983,269.6858532962856,231.35747524600208,1080.689825385595
ExperimentHeadMovement,SQUARED_AND_INTERACTIONS,mlp,"{'hidden_layer_sizes': (32,), 'activation': 'relu', 'solver': 'adam', 'alpha': 0.1, 'learning_rate_init': 0.001, 'max_iter': 2000}",14,"avg_iris_rel_face_x_norm, avg_iris_rel_face_y_norm, face_yaw, face_pitch, face_roll, yaw_avg_iris_x_interaction, pitch_avg_iris_y_interaction, roll_avg_iris_x_interaction, roll_avg_iris_y_interaction, yaw_squared, pitch_squared, roll_squared, avg_iris_rel_face_x_norm_squared, avg_iris_rel_face_y_norm_squared",400,100,645.9452979938221,554.0153945960171,348.26012765548217,80.31846780804794,1929.4697180158246,436.26646384828365,826.6539491109241,540.8939631008627,477.6351374129098,269.54066957394525,227.97726043722577,1082.9164656598384
ExperimentHeadMovement,RELATIVE_IRIS_TO_FACE,mlp,"{'hidden_layer_sizes': (64, 32), 'activation': 'relu', 'solver': 'adam', 'alpha': 0.01, 'learning_rate_init': 0.001, 'max_iter': 2000}",4,"left_iris_rel_face_x, left_iris_rel_face_y, right_iris_rel_face_x, right_iris_rel_face_y",400,100,651.8733079443286,605.4329669371477,268.3304085828395,114.49674680523752,1354.2390404034793,467.1853261672958,830.2796303373409,552.4721550476498,517.032894785023,268.5638578418353,274.9951468025376,1014.9431221468575
ExperimentHeadMovement,RELATIVE_IRIS_TO_FACE,mlp,"{'hidden_layer_sizes': (64, 32), 'activation': 'relu', 'solver': 'adam', 'alpha': 0.1, 'learning_rate_init': 0.001, 'max_iter': 2000}",4,"left_iris_rel_face_x, left_iris_rel_face_y, right_iris_rel_face_x, right_iris_rel_face_y",400,100,653.4738080778133,606.6329663786108,273.2161954930096,119.43424574504195,1376.2518446445818,466.6028553536516,828.8362447861871,554.4043448733647,531.8949276385266,268.7675908900002,284.2008848081514,1014.452946529138
ExperimentHeadMovement,RELATIVE_IRIS_TO_FACE,svr,"{'kernel': 'rbf', 'C': 1.0, 'epsilon': 0.1}",4,"left_iris_rel_face_x, left_iris_rel_face_y, right_iris_rel_face_x, right_iris_rel_face_y",400,100,655.1745429871136,571.3757150803042,340.68505797822075,85.25960494760649,1616.523801884066,389.8890008897803,897.0623158062506,540.5138189225099,451.10142507453224,277.27294066894063,258.4845780928439,1172.2502282797204
ExperimentHeadMovement,RELATIVE_IRIS_TO_FACE,mlp,"{'hidden_layer_sizes': (32,), 'activation': 'relu', 'solver': 'adam', 'alpha': 0.01, 'learning_rate_init': 0.001, 'max_iter': 2000}",4,"left_iris_rel_face_x, left_iris_rel_face_y, right_iris_rel_face_x, right_iris_rel_face_y",400,100,656.9725054631465,626.6111402954509,267.16795228952805,177.24062981175206,1476.4402798880317,435.134294329845,828.9372477731466,554.6123256690742,504.8101672288027,277.6512745065471,255.69579243096632,1055.1495711589932
ExperimentHeadMovement,RELATIVE_IRIS_TO_FACE,mlp,"{'hidden_layer_sizes': (32,), 'activation': 'relu', 'solver': 'adam', 'alpha': 0.1, 'learning_rate_init': 0.001, 'max_iter': 2000}",4,"left_iris_rel_face_x, left_iris_rel_face_y, right_iris_rel_face_x, right_iris_rel_face_y",400,100,657.783558209378,628.5200496293869,267.52996974365544,178.87127381838118,1474.1897087941131,435.5635898350443,827.597585131977,555.6542989798362,503.8766371236392,277.6018723791554,255.65253118836424,1060.25444970747
ExperimentHeadMovement,RELATIVE_IRIS_TO_FACE,hist_gradient_boosting,"{'max_iter': 2000, 'learning_rate': 0.001, 'max_depth': 5, 'min_samples_leaf': 3}",4,"left_iris_rel_face_x, left_iris_rel_face_y, right_iris_rel_face_x, right_iris_rel_face_y",400,100,658.5120643088848,591.6171920248066,308.80142905157345,133.11347354523872,1546.069834308729,427.212081215069,853.9174895797677,550.6908272920543,533.8836290978292,275.40927292846845,279.73876890856263,1058.4863523210759
ExperimentHeadMovement,SQUARED_AND_INTERACTIONS,gradient_boosting,"{'n_estimators': 300, 'learning_rate': 0.001, 'max_depth': 10, 'min_samples_leaf': 3}",14,"avg_iris_rel_face_x_norm, avg_iris_rel_face_y_norm, face_yaw, face_pitch, face_roll, yaw_avg_iris_x_interaction, pitch_avg_iris_y_interaction, roll_avg_iris_x_interaction, roll_avg_iris_y_interaction, yaw_squared, pitch_squared, roll_squared, avg_iris_rel_face_x_norm_squared, avg_iris_rel_face_y_norm_squared",400,100,658.9058103584888,650.9934820488605,216.93930055309318,149.76528142295297,1151.6413500997262,496.71096958544354,817.6774326757252,553.9528051115374,597.7487939274454,281.5459522630595,253.2311244825122,951.7586508037515
ExperimentHeadMovement,SQUARED_AND_INTERACTIONS,knn,"{'n_neighbors': 5, 'weights': 'distance'}",14,"avg_iris_rel_face_x_norm, avg_iris_rel_face_y_norm, face_yaw, face_pitch, face_roll, yaw_avg_iris_x_interaction, pitch_avg_iris_y_interaction, roll_avg_iris_x_interaction, roll_avg_iris_y_interaction, yaw_squared, pitch_squared, roll_squared, avg_iris_rel_face_x_norm_squared, avg_iris_rel_face_y_norm_squared",400,100,661.3394183631854,632.3489103635238,295.53908414877213,49.55088179161104,1553.5359557441166,458.91184277657044,854.6490025293551,541.1048886607322,528.2550218271268,299.5937525744754,271.40522268782655,983.3407122219201
ExperimentHeadMovement,RELATIVE_IRIS_TO_FACE,hist_gradient_boosting,"{'max_iter': 2000, 'learning_rate': 0.001, 'max_depth': 10, 'min_samples_leaf': 5}",4,"left_iris_rel_face_x, left_iris_rel_face_y, right_iris_rel_face_x, right_iris_rel_face_y",400,100,663.306819659246,593.2231558541707,334.5962548545491,101.26768205975304,1566.2856213467028,406.9506241274645,914.6589992435667,549.8233098371968,459.10009768566215,288.28925298579543,251.1454373538794,1069.1038817737574
ExperimentHeadMovement,RELATIVE_IRIS_TO_FACE,hist_gradient_boosting,"{'max_iter': 2000, 'learning_rate': 0.001, 'max_depth': 10, 'min_samples_leaf': 3}",4,"left_iris_rel_face_x, left_iris_rel_face_y, right_iris_rel_face_x, right_iris_rel_face_y",400,100,663.3945868379249,574.8239537215073,336.2205421668548,88.57389607169263,1580.847904177996,402.71819358582786,872.5950021099983,553.2905521938023,480.63085639486894,284.3659997512591,251.76347788691953,1092.3803200176112
ExperimentHeadMovement,RELATIVE_IRIS_TO_FACE,mlp,"{'hidden_layer_sizes': (32,), 'activation': 'relu', 'solver': 'adam', 'alpha': 1.0, 'learning_rate_init': 0.001, 'max_iter': 2000}",4,"left_iris_rel_face_x, left_iris_rel_face_y, right_iris_rel_face_x, right_iris_rel_face_y",400,100,664.7242993849592,633.3740997576249,274.6680326643426,212.51083715755476,1439.6817050585328,431.1032710012613,816.5121346952235,566.1931390824104,523.2237505318332,275.9550336054324,255.68948028349217,1085.8073488588932
ExperimentHeadMovement,SQUARED_AND_INTERACTIONS,svr,"{'kernel': 'rbf', 'C': 10.0, 'epsilon': 0.1}",14,"avg_iris_rel_face_x_norm, avg_iris_rel_face_y_norm, face_yaw, face_pitch, face_roll, yaw_avg_iris_x_interaction, pitch_avg_iris_y_interaction, roll_avg_iris_x_interaction, roll_avg_iris_y_interaction, yaw_squared, pitch_squared, roll_squared, avg_iris_rel_face_x_norm_squared, avg_iris_rel_face_y_norm_squared",400,100,670.0742998879646,599.653283146446,389.51784445437517,75.35739510429869,2116.906493726914,391.2908864022183,878.5085014052795,549.630184273437,488.827957691115,290.3536086786517,247.60334113945422,1109.580114915054
ExperimentHeadMovement,RELATIVE_IRIS_TO_FACE,mlp,"{'hidden_layer_sizes': (64, 32), 'activation': 'relu', 'solver': 'adam', 'alpha': 1.0, 'learning_rate_init': 0.001, 'max_iter': 2000}",4,"left_iris_rel_face_x, left_iris_rel_face_y, right_iris_rel_face_x, right_iris_rel_face_y",400,100,670.2166660654894,628.073811290262,302.5916630476823,108.19285153620676,1551.939511350039,449.3605822742165,865.0177488233589,571.5988814273854,542.9812263721294,273.83161002539526,262.3441297005079,1035.0923624896018
ExperimentHeadMovement,SQUARED_AND_INTERACTIONS,gradient_boosting,"{'n_estimators': 300, 'learning_rate': 0.001, 'max_depth': 10, 'min_samples_leaf': 5}",14,"avg_iris_rel_face_x_norm, avg_iris_rel_face_y_norm, face_yaw, face_pitch, face_roll, yaw_avg_iris_x_interaction, pitch_avg_iris_y_interaction, roll_avg_iris_x_interaction, roll_avg_iris_y_interaction, yaw_squared, pitch_squared, roll_squared, avg_iris_rel_face_x_norm_squared, avg_iris_rel_face_y_norm_squared",400,100,671.6205428075284,653.7688043595026,211.60665965772506,146.61184405737907,1134.0462547965355,528.7730385767368,835.9548390027139,566.2258036275744,600.7879972557791,286.13022114308745,250.56271225870375,957.828905057317
ExperimentHeadMovement,SQUARED_AND_INTERACTIONS,gradient_boosting,"{'n_estimators': 300, 'learning_rate': 0.001, 'max_depth': 5, 'min_samples_leaf': 3}",14,"avg_iris_rel_face_x_norm, avg_iris_rel_face_y_norm, face_yaw, face_pitch, face_roll, yaw_avg_iris_x_interaction, pitch_avg_iris_y_interaction, roll_avg_iris_x_interaction, roll_avg_iris_y_interaction, yaw_squared, pitch_squared, roll_squared, avg_iris_rel_face_x_norm_squared, avg_iris_rel_face_y_norm_squared",400,100,672.0314811717114,656.5702718323217,213.9845483558679,170.47533905411606,1127.7485794753177,532.869873370802,826.8755787833998,568.3307344237351,602.254060548855,283.52563605135265,254.4865618328218,988.1197910620502
ExperimentHeadMovement,SQUARED_AND_INTERACTIONS,gradient_boosting,"{'n_estimators': 300, 'learning_rate': 0.001, 'max_depth': 5, 'min_samples_leaf': 5}",14,"avg_iris_rel_face_x_norm, avg_iris_rel_face_y_norm, face_yaw, face_pitch, face_roll, yaw_avg_iris_x_interaction, pitch_avg_iris_y_interaction, roll_avg_iris_x_interaction, roll_avg_iris_y_interaction, yaw_squared, pitch_squared, roll_squared, avg_iris_rel_face_x_norm_squared, avg_iris_rel_face_y_norm_squared",400,100,672.1338916947468,654.9325090132254,211.05879078616445,171.150118683052,1134.116540599714,540.5862474638209,831.2827000945501,568.1760466279786,597.8528560441773,283.74549834848966,266.2487306451111,972.9426518694335
ExperimentHeadMovement,SQUARED_AND_INTERACTIONS,decision_tree,"{'max_depth': 5, 'min_samples_leaf': 5}",14,"avg_iris_rel_face_x_norm, avg_iris_rel_face_y_norm, face_yaw, face_pitch, face_roll, yaw_avg_iris_x_interaction, pitch_avg_iris_y_interaction, roll_avg_iris_x_interaction, roll_avg_iris_y_interaction, yaw_squared, pitch_squared, roll_squared, avg_iris_rel_face_x_norm_squared, avg_iris_rel_face_y_norm_squared",400,100,672.5079413843506,602.604567053987,354.69859522417005,62.75947159999232,1758.7297484619403,371.3213190326811,940.3945549070916,544.4893280602146,483.3461538461538,301.38185830866564,247.8270609318996,1186.6578086734758
ExperimentHeadMovement,SQUARED_AND_INTERACTIONS,decision_tree,"{'max_depth': 5, 'min_samples_leaf': 3}",14,"avg_iris_rel_face_x_norm, avg_iris_rel_face_y_norm, face_yaw, face_pitch, face_roll, yaw_avg_iris_x_interaction, pitch_avg_iris_y_interaction, roll_avg_iris_x_interaction, roll_avg_iris_y_interaction, yaw_squared, pitch_squared, roll_squared, avg_iris_rel_face_x_norm_squared, avg_iris_rel_face_y_norm_squared",400,100,674.0750227147043,602.604567053987,355.1710898537617,62.75947159999232,1758.7297484619403,369.15500524677464,923.6814007893647,548.3327258111511,497.25,298.0351172708023,240.97222222222223,1187.5978390309504
ExperimentHeadMovement,SQUARED_AND_INTERACTIONS,polynomial_ridge,"{'degree': 2, 'alpha': 0.1}",14,"avg_iris_rel_face_x_norm, avg_iris_rel_face_y_norm, face_yaw, face_pitch, face_roll, yaw_avg_iris_x_interaction, pitch_avg_iris_y_interaction, roll_avg_iris_x_interaction, roll_avg_iris_y_interaction, yaw_squared, pitch_squared, roll_squared, avg_iris_rel_face_x_norm_squared, avg_iris_rel_face_y_norm_squared",400,100,680.1977178762339,583.1105755428762,467.3579017270194,65.49840571600075,2994.3113759593502,413.4513022616577,852.3932426723685,564.9919419648297,494.41058575823575,291.8067221908383,233.1142268587609,1145.5904521150885
ExperimentHeadMovement,RELATIVE_IRIS_TO_FACE,knn,"{'n_neighbors': 10, 'weights': 'distance'}",4,"left_iris_rel_face_x, left_iris_rel_face_y, right_iris_rel_face_x, right_iris_rel_face_y",400,100,680.7003708606609,633.1593840937339,320.09271706203356,69.5691016814673,1629.547378901765,438.34590751349316,879.5586439891115,580.4682336115029,518.4045424500696,291.051080138149,270.22104289086576,1085.012430609013
ExperimentHeadMovement,RELATIVE_IRIS_TO_FACE,linear,,4,"left_iris_rel_face_x, left_iris_rel_face_y, right_iris_rel_face_x, right_iris_rel_face_y",400,100,686.8802679524687,599.3002980448351,340.9987143379895,110.28364097181824,2088.0642841343047,468.9677106425869,888.3876160793191,588.9500428109944,520.084176888055,277.0786363688748,278.2780010356397,1086.7727374478375
ExperimentHeadMovement,RELATIVE_IRIS_TO_FACE,ridge,{'alpha': 0.01},4,"left_iris_rel_face_x, left_iris_rel_face_y, right_iris_rel_face_x, right_iris_rel_face_y",400,100,686.8828248468969,599.3099390222678,340.98696557894846,110.24204610199753,2087.9754970329177,468.9759053704972,888.4050618270112,588.9538771559852,520.1065047990385,277.078707977652,278.27744045752877,1086.7416534279364
ExperimentHeadMovement,RELATIVE_IRIS_TO_FACE,ridge,{'alpha': 0.1},4,"left_iris_rel_face_x, left_iris_rel_face_y, right_iris_rel_face_x, right_iris_rel_face_y",400,100,686.9058156962064,599.3966199432007,340.8813763004372,109.86826138527402,2087.1772843126337,469.04955889441885,888.5618224880363,588.9883364599032,520.3072134483084,277.07935220961974,278.27238405595415,1086.4622484313863
ExperimentHeadMovement,RELATIVE_IRIS_TO_FACE,ridge,{'alpha': 1.0},4,"left_iris_rel_face_x, left_iris_rel_face_y, right_iris_rel_face_x, right_iris_rel_face_y",400,100,687.1336420636577,601.1577520235816,339.8400718739279,106.18671522501084,2079.2803883832607,469.7764103807001,890.1048781959507,589.3280602061408,522.2905778474426,277.08577022849784,278.2207283093146,1083.7025481835012
ExperimentHeadMovement,RELATIVE_IRIS_TO_FACE,svr,"{'kernel': 'rbf', 'C': 10.0, 'epsilon': 0.1}",4,"left_iris_rel_face_x, left_iris_rel_face_y, right_iris_rel_face_x, right_iris_rel_face_y",400,100,688.0147724430204,636.6476878938603,356.69455497834315,55.47613017277199,1575.188913366777,398.8246994433454,891.2526915433968,550.7890678725249,477.0600427917627,322.8743481467025,263.9939984813415,1227.7496275846363
ExperimentHeadMovement,RELATIVE_IRIS_TO_FACE,elasticnet,"{'alpha': 0.01, 'l1_ratio': 0.5, 'max_iter': 2000}",4,"left_iris_rel_face_x, left_iris_rel_face_y, right_iris_rel_face_x, right_iris_rel_face_y",400,100,691.3412588579707,619.6799554983099,325.85480255610173,65.31904115983605,1973.6758861883545,476.755070430445,858.8267678384453,594.802328304264,559.7418959194786,277.88591863082064,275.8855733216534,1037.536134316631
ExperimentHeadMovement,RELATIVE_IRIS_TO_FACE,knn,"{'n_neighbors': 5, 'weights': 'distance'}",4,"left_iris_rel_face_x, left_iris_rel_face_y, right_iris_rel_face_x, right_iris_rel_face_y",400,100,691.5430533679678,637.9591203635699,379.9399952257692,71.99305776822474,1720.0608152258997,406.685265608878,922.7608015478663,581.3312717619774,501.52355306961033,297.0944321162047,271.79768612727355,1203.5292244309508
ExperimentHeadMovement,RELATIVE_IRIS_TO_FACE,gradient_boosting,"{'n_estimators': 300, 'learning_rate': 0.001, 'max_depth': 5, 'min_samples_leaf': 5}",4,"left_iris_rel_face_x, left_iris_rel_face_y, right_iris_rel_face_x, right_iris_rel_face_y",400,100,692.8435144822586,662.5483793139964,222.6329447355726,179.99429485995,1227.8400358943893,535.2553446814169,878.1830034523421,589.1921806124324,624.187024631216,284.88258848436834,256.22510067261817,991.6960178755519
ExperimentHeadMovement,RELATIVE_IRIS_TO_FACE,gradient_boosting,"{'n_estimators': 300, 'learning_rate': 0.001, 'max_depth': 5, 'min_samples_leaf': 3}",4,"left_iris_rel_face_x, left_iris_rel_face_y, right_iris_rel_face_x, right_iris_rel_face_y",400,100,694.4398931773836,650.38687955961,221.1353369940871,187.4326487497843,1228.390636175621,534.2832901942326,877.5995633351383,590.8262329467404,624.5649042595037,285.5707108191168,256.4642415688924,997.1449337602033
ExperimentHeadMovement,RELATIVE_IRIS_TO_FACE,lasso,{'alpha': 0.01},4,"left_iris_rel_face_x, left_iris_rel_face_y, right_iris_rel_face_x, right_iris_rel_face_y",400,100,695.6773373141375,638.3281308367114,315.54630717603095,59.79749925146496,1932.2521014755691,476.0538368471559,869.9730768396112,599.6557072282748,591.5260725062014,279.5524106981367,285.2066946726944,1037.764133330571
ExperimentHeadMovement,SQUARED_AND_INTERACTIONS,gradient_boosting,"{'n_estimators': 100, 'learning_rate': 0.001, 'max_depth': 10, 'min_samples_leaf': 3}",14,"avg_iris_rel_face_x_norm, avg_iris_rel_face_y_norm, face_yaw, face_pitch, face_roll, yaw_avg_iris_x_interaction, pitch_avg_iris_y_interaction, roll_avg_iris_x_interaction, roll_avg_iris_y_interaction, yaw_squared, pitch_squared, roll_squared, avg_iris_rel_face_x_norm_squared, avg_iris_rel_face_y_norm_squared",400,100,695.9019410450959,671.406142476465,215.77336658648196,191.31772432115793,1116.3726220276383,550.395498482652,880.9414055828299,593.6313681282612,644.0611112190415,285.4766557263827,242.28957033128088,997.9668788136433
ExperimentHeadMovement,RELATIVE_IRIS_TO_FACE,gradient_boosting,"{'n_estimators': 300, 'learning_rate': 0.001, 'max_depth': 10, 'min_samples_leaf': 3}",4,"left_iris_rel_face_x, left_iris_rel_face_y, right_iris_rel_face_x, right_iris_rel_face_y",400,100,696.134228989384,662.7700616005327,230.26721505623456,303.5014374673479,1232.2902892740244,518.5088377697539,849.0991897670149,597.8300997481779,633.1313774449345,275.32393109989897,264.11434885310405,1018.0360718321426
ExperimentHeadMovement,SQUARED_AND_INTERACTIONS,gradient_boosting,"{'n_estimators': 100, 'learning_rate': 0.001, 'max_depth': 10, 'min_samples_leaf': 5}",14,"avg_iris_rel_face_x_norm, avg_iris_rel_face_y_norm, face_yaw, face_pitch, face_roll, yaw_avg_iris_x_interaction, pitch_avg_iris_y_interaction, roll_avg_iris_x_interaction, roll_avg_iris_y_interaction, yaw_squared, pitch_squared, roll_squared, avg_iris_rel_face_x_norm_squared, avg_iris_rel_face_y_norm_squared",400,100,699.5050411250093,664.1093380567797,214.43990697490054,204.8614165047816,1095.424344330073,559.8611724386305,890.1073762556832,597.2497953501049,608.9654118016592,286.57239453325445,249.64967462735996,1011.8507620958268
ExperimentHeadMovement,SQUARED_AND_INTERACTIONS,gradient_boosting,"{'n_estimators': 100, 'learning_rate': 0.001, 'max_depth': 5, 'min_samples_leaf': 3}",14,"avg_iris_rel_face_x_norm, avg_iris_rel_face_y_norm, face_yaw, face_pitch, face_roll, yaw_avg_iris_x_interaction, pitch_avg_iris_y_interaction, roll_avg_iris_x_interaction, roll_avg_iris_y_interaction, yaw_squared, pitch_squared, roll_squared, avg_iris_rel_face_x_norm_squared, avg_iris_rel_face_y_norm_squared",400,100,700.1287284941448,678.7616699538011,217.97908019866668,210.00937459542945,1110.512877513194,560.5827014936855,891.4293884876631,598.2524349395701,619.9897958481852,286.74550056103953,245.83269370536505,1008.7447155317986
ExperimentHeadMovement,SQUARED_AND_INTERACTIONS,gradient_boosting,"{'n_estimators': 100, 'learning_rate': 0.001, 'max_depth': 5, 'min_samples_leaf': 5}",14,"avg_iris_rel_face_x_norm, avg_iris_rel_face_y_norm, face_yaw, face_pitch, face_roll, yaw_avg_iris_x_interaction, pitch_avg_iris_y_interaction, roll_avg_iris_x_interaction, roll_avg_iris_y_interaction, yaw_squared, pitch_squared, roll_squared, avg_iris_rel_face_x_norm_squared, avg_iris_rel_face_y_norm_squared",400,100,700.3529249393266,678.4390160130804,217.25349320937454,207.67682526251807,1092.4787797210747,563.6608298142322,894.957132791295,598.2215582341562,610.1383341023126,286.61004864872064,250.71209616578733,1008.7761430301455
ExperimentHeadMovement,SQUARED_AND_INTERACTIONS,elasticnet,"{'alpha': 0.1, 'l1_ratio': 0.5, 'max_iter': 2000}",14,"avg_iris_rel_face_x_norm, avg_iris_rel_face_y_norm, face_yaw, face_pitch, face_roll, yaw_avg_iris_x_interaction, pitch_avg_iris_y_interaction, roll_avg_iris_x_interaction, roll_avg_iris_y_interaction, yaw_squared, pitch_squared, roll_squared, avg_iris_rel_face_x_norm_squared, avg_iris_rel_face_y_norm_squared",400,100,703.6481088920461,672.1225021867575,265.39250112086313,158.0745544230759,1690.5304141965812,526.6644566891098,864.0881429598453,600.4915886866384,618.7642174148682,285.96751201708764,248.55056562941732,1004.5394647115126
ExperimentHeadMovement,RELATIVE_IRIS_TO_FACE,decision_tree,"{'max_depth': 10, 'min_samples_leaf': 5}",4,"left_iris_rel_face_x, left_iris_rel_face_y, right_iris_rel_face_x, right_iris_rel_face_y",400,100,703.9683594547403,622.1192777922575,383.1150987727173,57.31710041514646,1767.0845169374327,410.1132052827299,955.8341966538359,553.7846428571429,476.4000000000001,330.32921626984125,279.5,1188.391656234099
ExperimentHeadMovement,SQUARED_AND_INTERACTIONS,decision_tree,"{'max_depth': 10, 'min_samples_leaf': 5}",14,"avg_iris_rel_face_x_norm, avg_iris_rel_face_y_norm, face_yaw, face_pitch, face_roll, yaw_avg_iris_x_interaction, pitch_avg_iris_y_interaction, roll_avg_iris_x_interaction, roll_avg_iris_y_interaction, yaw_squared, pitch_squared, roll_squared, avg_iris_rel_face_x_norm_squared, avg_iris_rel_face_y_norm_squared",400,100,705.1842297653718,677.1559371012164,389.5271951012428,64.51116182491215,1758.7297484619403,357.83962463541815,992.4765636728239,568.1389047619048,503.95238095238085,314.8601984126984,235.03125000000006,1210.807131262139
ExperimentHeadMovement,RELATIVE_IRIS_TO_FACE,gradient_boosting,"{'n_estimators': 300, 'learning_rate': 0.001, 'max_depth': 10, 'min_samples_leaf': 5}",4,"left_iris_rel_face_x, left_iris_rel_face_y, right_iris_rel_face_x, right_iris_rel_face_y",400,100,706.4751166059908,685.0897321849952,229.26863561895817,335.07547150881464,1244.332140890626,521.5783043559929,876.639683749844,604.1369308381637,652.4063354331356,281.88300899629144,253.54467376450373,1055.5491887263242
ExperimentHeadMovement,RELATIVE_IRIS_TO_FACE,gradient_boosting,"{'n_estimators': 100, 'learning_rate': 0.001, 'max_depth': 5, 'min_samples_leaf': 5}",4,"left_iris_rel_face_x, left_iris_rel_face_y, right_iris_rel_face_x, right_iris_rel_face_y",400,100,708.8220375615,680.0217117918917,221.12814742739957,216.7829631675046,1150.7448211335277,569.7041898355787,892.6281410486804,606.773598673645,643.2427215914261,286.20066738217656,255.65409093678824,1014.3314722325339
ExperimentHeadMovement,RELATIVE_IRIS_TO_FACE,elasticnet,"{'alpha': 0.1, 'l1_ratio': 0.5, 'max_iter': 2000}",4,"left_iris_rel_face_x, left_iris_rel_face_y, right_iris_rel_face_x, right_iris_rel_face_y",400,100,708.9469488929037,678.8722008238406,243.61168613962283,192.6241243623914,1495.0791463804476,540.2705545835547,880.6033826854448,606.039903570139,640.2167976179296,287.6197777330736,262.0054266997023,1016.9441699938778
ExperimentHeadMovement,RELATIVE_IRIS_TO_FACE,gradient_boosting,"{'n_estimators': 100, 'learning_rate': 0.001, 'max_depth': 5, 'min_samples_leaf': 3}",4,"left_iris_rel_face_x, left_iris_rel_face_y, right_iris_rel_face_x, right_iris_rel_face_y",400,100,709.1827122753728,677.7346733056668,221.28777221371865,217.10944635655795,1149.6452137385988,566.9779858865144,893.9592089804756,607.1939116309159,650.7420657545831,286.32358906125427,255.23050923345994,1004.1218716521444
ExperimentHeadMovement,RELATIVE_IRIS_TO_FACE,gradient_boosting,"{'n_estimators': 100, 'learning_rate': 0.001, 'max_depth': 10, 'min_samples_leaf': 3}",4,"left_iris_rel_face_x, left_iris_rel_face_y, right_iris_rel_face_x, right_iris_rel_face_y",400,100,709.7096900041586,687.1084791531712,221.04902447012978,258.8692073160244,1152.0236387734378,552.9423923980974,890.0875154111486,609.8682341609546,665.8671471610936,282.82218923560976,253.76127183352708,1021.3071685148218
ExperimentHeadMovement,RELATIVE_IRIS_TO_FACE,gradient_boosting,"{'n_estimators': 100, 'learning_rate': 0.001, 'max_depth': 10, 'min_samples_leaf': 5}",4,"left_iris_rel_face_x, left_iris_rel_face_y, right_iris_rel_face_x, right_iris_rel_face_y",400,100,712.7207061286384,676.9053978843066,220.74176725434646,276.49201592897447,1159.4326166212438,553.5940386747565,897.5390885589728,611.804006786245,663.4798950614654,285.60272977621446,253.83019842148047,1018.0668505700934
ExperimentHeadMovement,SQUARED_AND_INTERACTIONS,lasso,{'alpha': 0.1},14,"avg_iris_rel_face_x_norm, avg_iris_rel_face_y_norm, face_yaw, face_pitch, face_roll, yaw_avg_iris_x_interaction, pitch_avg_iris_y_interaction, roll_avg_iris_x_interaction, roll_avg_iris_y_interaction, yaw_squared, pitch_squared, roll_squared, avg_iris_rel_face_x_norm_squared, avg_iris_rel_face_y_norm_squared",400,100,714.2694116271055,696.8285474262498,229.46299976315848,207.3837155345847,1295.2989417236954,569.5093750225391,901.7445687502778,610.8309530017306,636.1364318061992,288.096875,259.03124999999994,1033.4858980930342
ExperimentHeadMovement,RELATIVE_IRIS_TO_FACE,polynomial_ridge,"{'degree': 2, 'alpha': 1.0}",4,"left_iris_rel_face_x, left_iris_rel_face_y, right_iris_rel_face_x, right_iris_rel_face_y",400,100,716.4850029989436,661.2709751367603,342.5758597016051,154.04659728238568,1674.0518868203997,486.2568297752351,923.5005801729592,616.6758622137086,555.2927012207069,284.86474359460857,269.95469565016253,1237.1125557900573
ExperimentHeadMovement,RELATIVE_IRIS_TO_FACE,polynomial_ridge,"{'degree': 2, 'alpha': 0.1}",4,"left_iris_rel_face_x, left_iris_rel_face_y, right_iris_rel_face_x, right_iris_rel_face_y",400,100,716.8106473153952,661.5925246256436,345.25297138669384,145.38793890423358,1688.0917038805737,484.24024817605925,923.3426720570387,616.7884875494526,553.3325563707469,284.9888534672023,270.2535160112977,1237.0183652456703
ExperimentHeadMovement,RELATIVE_IRIS_TO_FACE,polynomial_ridge,"{'degree': 2, 'alpha': 0.01}",4,"left_iris_rel_face_x, left_iris_rel_face_y, right_iris_rel_face_x, right_iris_rel_face_y",400,100,716.8454030891298,661.5954589901005,345.52537707147644,144.51268804670607,1689.5210156635824,484.03519457932936,923.327265574668,616.8006646125215,552.992316565069,285.0015491207373,270.2836487256364,1237.0089139093916
ExperimentHeadMovement,RELATIVE_IRIS_TO_FACE,lasso,{'alpha': 0.1},4,"left_iris_rel_face_x, left_iris_rel_face_y, right_iris_rel_face_x, right_iris_rel_face_y",400,100,719.9347859975428,683.8626865587904,227.24848056364294,233.48586923583304,1112.8576031473265,589.6183670333673,914.4199395739922,617.5312499999999,643.5,288.096875,259.03124999999994,1004.692180896066
ExperimentHeadMovement,RELATIVE_IRIS_TO_FACE,lasso,{'alpha': 1.0},4,"left_iris_rel_face_x, left_iris_rel_face_y, right_iris_rel_face_x, right_iris_rel_face_y",400,100,719.9347859975428,683.8626865587904,227.24848056364294,233.48586923583304,1112.8576031473265,589.6183670333673,914.4199395739922,617.5312499999999,643.5,288.096875,259.03124999999994,1004.692180896066
ExperimentHeadMovement,RELATIVE_IRIS_TO_FACE,elasticnet,"{'alpha': 1.0, 'l1_ratio': 0.5, 'max_iter': 2000}",4,"left_iris_rel_face_x, left_iris_rel_face_y, right_iris_rel_face_x, right_iris_rel_face_y",400,100,719.9347859975428,683.8626865587904,227.24848056364294,233.48586923583304,1112.8576031473265,589.6183670333673,914.4199395739922,617.5312499999999,643.5,288.096875,259.03124999999994,1004.692180896066
ExperimentHeadMovement,SQUARED_AND_INTERACTIONS,elasticnet,"{'alpha': 1.0, 'l1_ratio': 0.5, 'max_iter': 2000}",14,"avg_iris_rel_face_x_norm, avg_iris_rel_face_y_norm, face_yaw, face_pitch, face_roll, yaw_avg_iris_x_interaction, pitch_avg_iris_y_interaction, roll_avg_iris_x_interaction, roll_avg_iris_y_interaction, yaw_squared, pitch_squared, roll_squared, avg_iris_rel_face_x_norm_squared, avg_iris_rel_face_y_norm_squared",400,100,719.9347859975428,683.8626865587904,227.24848056364294,233.48586923583304,1112.8576031473265,589.6183670333673,914.4199395739922,617.5312499999999,643.5,288.096875,259.03124999999994,1004.692180896066
ExperimentHeadMovement,SQUARED_AND_INTERACTIONS,lasso,{'alpha': 1.0},14,"avg_iris_rel_face_x_norm, avg_iris_rel_face_y_norm, face_yaw, face_pitch, face_roll, yaw_avg_iris_x_interaction, pitch_avg_iris_y_interaction, roll_avg_iris_x_interaction, roll_avg_iris_y_interaction, yaw_squared, pitch_squared, roll_squared, avg_iris_rel_face_x_norm_squared, avg_iris_rel_face_y_norm_squared",400,100,719.9347859975428,683.8626865587904,227.24848056364294,233.48586923583304,1112.8576031473265,589.6183670333673,914.4199395739922,617.5312499999999,643.5,288.096875,259.03124999999994,1004.692180896066
ExperimentHeadMovement,SQUARED_AND_INTERACTIONS,polynomial_ridge,"{'degree': 2, 'alpha': 0.01}",14,"avg_iris_rel_face_x_norm, avg_iris_rel_face_y_norm, face_yaw, face_pitch, face_roll, yaw_avg_iris_x_interaction, pitch_avg_iris_y_interaction, roll_avg_iris_x_interaction, roll_avg_iris_y_interaction, yaw_squared, pitch_squared, roll_squared, avg_iris_rel_face_x_norm_squared, avg_iris_rel_face_y_norm_squared",400,100,729.1909128684093,611.4228532069633,554.4278606926122,85.28979171218909,3328.4559408512946,407.6868793207358,883.7001837503777,591.375123860721,499.4196111639899,317.52939811458964,231.9897357482112,1247.0762636237102
ExperimentHeadMovement,SQUARED_AND_INTERACTIONS,decision_tree,"{'max_depth': 10, 'min_samples_leaf': 3}",14,"avg_iris_rel_face_x_norm, avg_iris_rel_face_y_norm, face_yaw, face_pitch, face_roll, yaw_avg_iris_x_interaction, pitch_avg_iris_y_interaction, roll_avg_iris_x_interaction, roll_avg_iris_y_interaction, yaw_squared, pitch_squared, roll_squared, avg_iris_rel_face_x_norm_squared, avg_iris_rel_face_y_norm_squared",400,100,737.6955224223193,728.328641492004,429.4009687134964,65.34098594637567,1801.9874521699028,345.3922327156092,1076.636352300458,592.4445,471.89999999999986,323.18375,261.04166666666674,1284.3462829970974
ExperimentHeadMovement,RELATIVE_IRIS_TO_FACE,decision_tree,"{'max_depth': 10, 'min_samples_leaf': 3}",4,"left_iris_rel_face_x, left_iris_rel_face_y, right_iris_rel_face_x, right_iris_rel_face_y",400,100,755.0900588679162,685.6489469431469,417.7777317553436,109.11461863563491,1696.5062465091146,425.7345092572799,1076.087629335585,599.3961764705882,446.99999999999994,341.95234477124177,273.125,1403.1240325483864
