dataset,ablation,model,model_parameters,num_features,features,train_samples,test_samples,mean_pixel_error,median_pixel_error,std_pixel_error,min_pixel_error,max_pixel_error,q25_pixel_error,q75_pixel_error,mean_x_error_pixels,median_x_error_pixels,mean_y_error_pixels,median_y_error_pixels,p90_pixel_error,lag,fps,lag_seconds
PingPong_HeadStill1,SQUARED_AND_INTERACTIONS,svr,"{'kernel': 'rbf', 'C': 0.5, 'epsilon': 0.1}",14,"avg_iris_rel_face_x_norm, avg_iris_rel_face_y_norm, face_yaw, face_pitch, face_roll, yaw_avg_iris_x_interaction, pitch_avg_iris_y_interaction, roll_avg_iris_x_interaction, roll_avg_iris_y_interaction, yaw_squared, pitch_squared, roll_squared, avg_iris_rel_face_x_norm_squared, avg_iris_rel_face_y_norm_squared",4312,1078,99.15435081774089,61.22337174453942,93.24894373015127,0.11373462341681774,489.7598848981533,35.87443179987557,138.527001281043,69.79536866674161,40.87063714246469,53.99248007224185,33.317219741642255,233.91256036422385,10,29.99694418979359,0.3333672902389332
PingPong_HeadStill1,SQUARED_AND_INTERACTIONS,svr,"{'kernel': 'rbf', 'C': 1.0, 'epsilon': 0.1}",14,"avg_iris_rel_face_x_norm, avg_iris_rel_face_y_norm, face_yaw, face_pitch, face_roll, yaw_avg_iris_x_interaction, pitch_avg_iris_y_interaction, roll_avg_iris_x_interaction, roll_avg_iris_y_interaction, yaw_squared, pitch_squared, roll_squared, avg_iris_rel_face_x_norm_squared, avg_iris_rel_face_y_norm_squared",4312,1078,100.27626588099253,62.22231440610837,95.81164689282583,1.4812545350521122,520.3195252031435,36.198689477754044,133.2087171467806,72.18902881121704,44.06634887307993,53.2329740457149,30.46955548334142,246.35591252565143,10,29.99694418979359,0.3333672902389332
PingPong_HeadStill1,SQUARED_AND_INTERACTIONS,svr,"{'kernel': 'rbf', 'C': 2.0, 'epsilon': 0.1}",14,"avg_iris_rel_face_x_norm, avg_iris_rel_face_y_norm, face_yaw, face_pitch, face_roll, yaw_avg_iris_x_interaction, pitch_avg_iris_y_interaction, roll_avg_iris_x_interaction, roll_avg_iris_y_interaction, yaw_squared, pitch_squared, roll_squared, avg_iris_rel_face_x_norm_squared, avg_iris_rel_face_y_norm_squared",4312,1078,106.88738433491143,70.61842708157563,97.99264083536062,6.054087492678062,578.0870224103786,40.69170857499063,138.33843338931567,80.3504189593002,55.854575937506254,54.58543595729137,31.739528921486144,251.909384040598,10,29.99694418979359,0.3333672902389332
PingPong_HeadStill1,SQUARED_AND_INTERACTIONS,random_forest,"{'n_estimators': 300, 'max_depth': 10, 'min_samples_leaf': 5}",14,"avg_iris_rel_face_x_norm, avg_iris_rel_face_y_norm, face_yaw, face_pitch, face_roll, yaw_avg_iris_x_interaction, pitch_avg_iris_y_interaction, roll_avg_iris_x_interaction, roll_avg_iris_y_interaction, yaw_squared, pitch_squared, roll_squared, avg_iris_rel_face_x_norm_squared, avg_iris_rel_face_y_norm_squared",4312,1078,111.85544639275776,86.55196953292807,90.40592471342043,0.727127300252079,495.9660080127311,52.159921490201825,132.1558206468606,78.85625193290093,52.35236703338893,64.45192774796796,53.09847475152464,241.3729983235143,10,29.99694418979359,0.3333672902389332
PingPong_HeadStill1,SQUARED_AND_INTERACTIONS,random_forest,"{'n_estimators': 100, 'max_depth': 10, 'min_samples_leaf': 5}",14,"avg_iris_rel_face_x_norm, avg_iris_rel_face_y_norm, face_yaw, face_pitch, face_roll, yaw_avg_iris_x_interaction, pitch_avg_iris_y_interaction, roll_avg_iris_x_interaction, roll_avg_iris_y_interaction, yaw_squared, pitch_squared, roll_squared, avg_iris_rel_face_x_norm_squared, avg_iris_rel_face_y_norm_squared",4312,1078,112.50970118781939,87.53378214463757,89.92824133604192,5.436912645960891,494.7589495245078,52.812242315717185,135.377079486098,79.20140312688568,52.84101755570545,64.77115523324822,52.47762389384417,240.7095165197778,10,29.99694418979359,0.3333672902389332
PingPong_HeadStill1,SQUARED_AND_INTERACTIONS,random_forest,"{'n_estimators': 300, 'max_depth': 10, 'min_samples_leaf': 3}",14,"avg_iris_rel_face_x_norm, avg_iris_rel_face_y_norm, face_yaw, face_pitch, face_roll, yaw_avg_iris_x_interaction, pitch_avg_iris_y_interaction, roll_avg_iris_x_interaction, roll_avg_iris_y_interaction, yaw_squared, pitch_squared, roll_squared, avg_iris_rel_face_x_norm_squared, avg_iris_rel_face_y_norm_squared",4312,1078,113.02019305666008,85.60649192893386,90.84396992768701,2.160938137986041,494.44329908645614,52.86789724413377,136.57683852925422,79.81972540128523,54.26953573433927,65.18381224377418,52.572532025206485,244.22092781710322,10,29.99694418979359,0.3333672902389332
PingPong_HeadStill1,SQUARED_AND_INTERACTIONS,random_forest,"{'n_estimators': 100, 'max_depth': 10, 'min_samples_leaf': 3}",14,"avg_iris_rel_face_x_norm, avg_iris_rel_face_y_norm, face_yaw, face_pitch, face_roll, yaw_avg_iris_x_interaction, pitch_avg_iris_y_interaction, roll_avg_iris_x_interaction, roll_avg_iris_y_interaction, yaw_squared, pitch_squared, roll_squared, avg_iris_rel_face_x_norm_squared, avg_iris_rel_face_y_norm_squared",4312,1078,113.59607606543796,87.20830840608835,91.03772380663885,4.451721614974292,495.21202411760754,53.09541021298426,139.91110268344983,80.09784812558429,54.08225737290054,65.45462794860613,51.56902179605025,247.14408156952345,10,29.99694418979359,0.3333672902389332
PingPong_HeadStill1,SQUARED_AND_INTERACTIONS,svr,"{'kernel': 'rbf', 'C': 0.5, 'epsilon': 0.05}",14,"avg_iris_rel_face_x_norm, avg_iris_rel_face_y_norm, face_yaw, face_pitch, face_roll, yaw_avg_iris_x_interaction, pitch_avg_iris_y_interaction, roll_avg_iris_x_interaction, roll_avg_iris_y_interaction, yaw_squared, pitch_squared, roll_squared, avg_iris_rel_face_x_norm_squared, avg_iris_rel_face_y_norm_squared",4312,1078,115.09520100318292,85.42038525026354,95.18844706336857,6.729441721348748,508.783842546783,54.07805333600869,120.87913804314614,85.2779944736773,65.52606944048634,59.710461523849176,34.56250275836368,276.4539811411025,10,29.99694418979359,0.3333672902389332
PingPong_HeadStill1,SQUARED_AND_INTERACTIONS,mlp,"{'hidden_layer_sizes': (32,), 'activation': 'relu', 'solver': 'adam', 'alpha': 1.0, 'learning_rate_init': 0.001, 'max_iter': 2000}",14,"avg_iris_rel_face_x_norm, avg_iris_rel_face_y_norm, face_yaw, face_pitch, face_roll, yaw_avg_iris_x_interaction, pitch_avg_iris_y_interaction, roll_avg_iris_x_interaction, roll_avg_iris_y_interaction, yaw_squared, pitch_squared, roll_squared, avg_iris_rel_face_x_norm_squared, avg_iris_rel_face_y_norm_squared",4312,1078,115.10690133110164,77.55190519411246,95.66348635296539,1.452431319684163,467.9504098533198,46.254410344975796,151.8140995472117,78.79606274953125,47.40847090212762,69.35396437588008,50.706916072625006,263.05607130315286,10,29.99694418979359,0.3333672902389332
PingPong_HeadStill1,SQUARED_AND_INTERACTIONS,mlp,"{'hidden_layer_sizes': (64, 32), 'activation': 'relu', 'solver': 'adam', 'alpha': 1.0, 'learning_rate_init': 0.001, 'max_iter': 2000}",14,"avg_iris_rel_face_x_norm, avg_iris_rel_face_y_norm, face_yaw, face_pitch, face_roll, yaw_avg_iris_x_interaction, pitch_avg_iris_y_interaction, roll_avg_iris_x_interaction, roll_avg_iris_y_interaction, yaw_squared, pitch_squared, roll_squared, avg_iris_rel_face_x_norm_squared, avg_iris_rel_face_y_norm_squared",4312,1078,116.1985883943083,77.5394580906713,99.08361732517537,2.1292777643988656,495.04807972935566,48.0087765491434,146.294626269564,79.79865717363883,47.87838659928731,69.55409874150264,54.223384300304424,267.95376151621974,10,29.99694418979359,0.3333672902389332
PingPong_HeadStill1,RELATIVE_IRIS_TO_FACE,knn,"{'n_neighbors': 10, 'weights': 'distance'}",4,"left_iris_rel_face_x, left_iris_rel_face_y, right_iris_rel_face_x, right_iris_rel_face_y",4312,1078,117.07732902455882,64.78547205569396,123.12817811690162,1.086834482289035,531.7088201140988,26.839164338042206,180.67000668654904,75.84577518665809,34.052810407192524,71.08952180841354,39.22286926845395,313.3417077173248,10,29.99694418979359,0.3333672902389332
PingPong_HeadStill1,RELATIVE_IRIS_TO_FACE,mlp,"{'hidden_layer_sizes': (64, 32), 'activation': 'relu', 'solver': 'adam', 'alpha': 1.0, 'learning_rate_init': 0.001, 'max_iter': 2000}",4,"left_iris_rel_face_x, left_iris_rel_face_y, right_iris_rel_face_x, right_iris_rel_face_y",4312,1078,117.31232789286948,94.10627450437562,95.86274809692453,2.373138646518626,549.6179009055952,48.977157595425325,154.7209245172371,60.152156898076676,32.17653355837554,83.44919414539095,63.02280002168703,238.94677686039867,10,29.99694418979359,0.3333672902389332
PingPong_HeadStill1,RELATIVE_IRIS_TO_FACE,mlp,"{'hidden_layer_sizes': (64, 32), 'activation': 'relu', 'solver': 'adam', 'alpha': 0.01, 'learning_rate_init': 0.001, 'max_iter': 2000}",4,"left_iris_rel_face_x, left_iris_rel_face_y, right_iris_rel_face_x, right_iris_rel_face_y",4312,1078,117.72929495916644,80.32431647649065,104.79292089743572,5.407715887560311,538.368129063364,39.301610252026244,163.6922035339016,55.09330622836176,28.907395726356278,89.886501982688,52.512097713936484,261.215743887382,10,29.99694418979359,0.3333672902389332
PingPong_HeadStill1,SQUARED_AND_INTERACTIONS,random_forest,"{'n_estimators': 300, 'max_depth': 5, 'min_samples_leaf': 5}",14,"avg_iris_rel_face_x_norm, avg_iris_rel_face_y_norm, face_yaw, face_pitch, face_roll, yaw_avg_iris_x_interaction, pitch_avg_iris_y_interaction, roll_avg_iris_x_interaction, roll_avg_iris_y_interaction, yaw_squared, pitch_squared, roll_squared, avg_iris_rel_face_x_norm_squared, avg_iris_rel_face_y_norm_squared",4312,1078,117.90759728116966,97.92496262586569,88.35368820556897,3.211588739696217,478.9270172571524,57.688477261341546,136.65960981565885,80.33798766773312,52.67170209310942,71.13444531647546,60.43804280196988,258.44636660812574,10,29.99694418979359,0.3333672902389332
PingPong_HeadStill1,SQUARED_AND_INTERACTIONS,random_forest,"{'n_estimators': 100, 'max_depth': 5, 'min_samples_leaf': 5}",14,"avg_iris_rel_face_x_norm, avg_iris_rel_face_y_norm, face_yaw, face_pitch, face_roll, yaw_avg_iris_x_interaction, pitch_avg_iris_y_interaction, roll_avg_iris_x_interaction, roll_avg_iris_y_interaction, yaw_squared, pitch_squared, roll_squared, avg_iris_rel_face_x_norm_squared, avg_iris_rel_face_y_norm_squared",4312,1078,118.35484630715104,100.27191730123329,88.12168874627227,3.7426663737238814,481.56813335011486,61.286136687343415,138.73782559143285,80.90599366045507,53.79446281622933,71.07595706370321,60.79646990187005,258.38138859302103,10,29.99694418979359,0.3333672902389332
PingPong_HeadStill1,SQUARED_AND_INTERACTIONS,hist_gradient_boosting,"{'max_iter': 2000, 'learning_rate': 0.001, 'max_depth': 10, 'min_samples_leaf': 5}",14,"avg_iris_rel_face_x_norm, avg_iris_rel_face_y_norm, face_yaw, face_pitch, face_roll, yaw_avg_iris_x_interaction, pitch_avg_iris_y_interaction, roll_avg_iris_x_interaction, roll_avg_iris_y_interaction, yaw_squared, pitch_squared, roll_squared, avg_iris_rel_face_x_norm_squared, avg_iris_rel_face_y_norm_squared",4312,1078,118.50372751541673,96.56939481203378,76.69364898371249,3.490343647984593,410.1068554702487,63.09057568574619,155.78544280283825,83.66846038155127,65.85835886529082,64.52495593493752,49.2132482053623,235.49088194226562,10,29.99694418979359,0.3333672902389332
PingPong_HeadStill1,SQUARED_AND_INTERACTIONS,hist_gradient_boosting,"{'max_iter': 2000, 'learning_rate': 0.001, 'max_depth': 10, 'min_samples_leaf': 3}",14,"avg_iris_rel_face_x_norm, avg_iris_rel_face_y_norm, face_yaw, face_pitch, face_roll, yaw_avg_iris_x_interaction, pitch_avg_iris_y_interaction, roll_avg_iris_x_interaction, roll_avg_iris_y_interaction, yaw_squared, pitch_squared, roll_squared, avg_iris_rel_face_x_norm_squared, avg_iris_rel_face_y_norm_squared",4312,1078,118.56345861432118,95.72682986894168,76.46560758949313,4.050721970447006,406.87636867368445,63.61354153717242,154.80043915457256,83.44075557000332,65.21596688143748,64.44777301290912,49.52613053226108,231.8008985225103,10,29.99694418979359,0.3333672902389332
PingPong_HeadStill1,SQUARED_AND_INTERACTIONS,random_forest,"{'n_estimators': 300, 'max_depth': 5, 'min_samples_leaf': 3}",14,"avg_iris_rel_face_x_norm, avg_iris_rel_face_y_norm, face_yaw, face_pitch, face_roll, yaw_avg_iris_x_interaction, pitch_avg_iris_y_interaction, roll_avg_iris_x_interaction, roll_avg_iris_y_interaction, yaw_squared, pitch_squared, roll_squared, avg_iris_rel_face_x_norm_squared, avg_iris_rel_face_y_norm_squared",4312,1078,118.597833927424,100.3812952591428,88.22905413702085,2.354038482449385,478.72817098843836,58.83192392676047,138.61683004814427,80.96610958704561,53.903735081174986,71.53012242864753,60.64573715176182,258.51310383387676,10,29.99694418979359,0.3333672902389332
PingPong_HeadStill1,SQUARED_AND_INTERACTIONS,random_forest,"{'n_estimators': 100, 'max_depth': 5, 'min_samples_leaf': 3}",14,"avg_iris_rel_face_x_norm, avg_iris_rel_face_y_norm, face_yaw, face_pitch, face_roll, yaw_avg_iris_x_interaction, pitch_avg_iris_y_interaction, roll_avg_iris_x_interaction, roll_avg_iris_y_interaction, yaw_squared, pitch_squared, roll_squared, avg_iris_rel_face_x_norm_squared, avg_iris_rel_face_y_norm_squared",4312,1078,119.27309331501475,101.69273092940011,88.0873712380491,3.7381642722208,481.60084150149635,62.707950122261686,139.88058133058647,81.80081656046661,56.35871006143134,71.61061719435233,61.01838855605622,260.4570865001966,10,29.99694418979359,0.3333672902389332
PingPong_HeadStill1,SQUARED_AND_INTERACTIONS,decision_tree,"{'max_depth': 10, 'min_samples_leaf': 5}",14,"avg_iris_rel_face_x_norm, avg_iris_rel_face_y_norm, face_yaw, face_pitch, face_roll, yaw_avg_iris_x_interaction, pitch_avg_iris_y_interaction, roll_avg_iris_x_interaction, roll_avg_iris_y_interaction, yaw_squared, pitch_squared, roll_squared, avg_iris_rel_face_x_norm_squared, avg_iris_rel_face_y_norm_squared",4312,1078,119.5252532540123,79.0303788098072,107.79720196265697,2.666666666666667,546.4132136030388,48.21817035882469,160.90547089857844,81.23187438279008,48.00000000000004,70.35619992996541,45.00000000000006,275.56907874299185,10,29.99694418979359,0.3333672902389332
PingPong_HeadStill1,SQUARED_AND_INTERACTIONS,hist_gradient_boosting,"{'max_iter': 2000, 'learning_rate': 0.001, 'max_depth': 5, 'min_samples_leaf': 5}",14,"avg_iris_rel_face_x_norm, avg_iris_rel_face_y_norm, face_yaw, face_pitch, face_roll, yaw_avg_iris_x_interaction, pitch_avg_iris_y_interaction, roll_avg_iris_x_interaction, roll_avg_iris_y_interaction, yaw_squared, pitch_squared, roll_squared, avg_iris_rel_face_x_norm_squared, avg_iris_rel_face_y_norm_squared",4312,1078,120.35076498128794,100.14126015416987,75.0968835814835,8.641637266540785,407.6617243456068,67.43120584220341,147.09550551913273,84.26516688991816,66.45158220609619,66.2128608876551,52.1426621089866,237.6594132760092,10,29.99694418979359,0.3333672902389332
PingPong_HeadStill1,SQUARED_AND_INTERACTIONS,hist_gradient_boosting,"{'max_iter': 2000, 'learning_rate': 0.001, 'max_depth': 5, 'min_samples_leaf': 3}",14,"avg_iris_rel_face_x_norm, avg_iris_rel_face_y_norm, face_yaw, face_pitch, face_roll, yaw_avg_iris_x_interaction, pitch_avg_iris_y_interaction, roll_avg_iris_x_interaction, roll_avg_iris_y_interaction, yaw_squared, pitch_squared, roll_squared, avg_iris_rel_face_x_norm_squared, avg_iris_rel_face_y_norm_squared",4312,1078,120.72423281479854,100.67125117793707,75.08567108539974,9.688470431244612,408.2228567659219,66.99681005673436,148.04960261818638,84.90212340199852,67.1896607686194,66.22225957859956,52.3042680663649,233.6036281678406,10,29.99694418979359,0.3333672902389332
PingPong_HeadStill1,SQUARED_AND_INTERACTIONS,svr,"{'kernel': 'rbf', 'C': 1.0, 'epsilon': 0.05}",14,"avg_iris_rel_face_x_norm, avg_iris_rel_face_y_norm, face_yaw, face_pitch, face_roll, yaw_avg_iris_x_interaction, pitch_avg_iris_y_interaction, roll_avg_iris_x_interaction, roll_avg_iris_y_interaction, yaw_squared, pitch_squared, roll_squared, avg_iris_rel_face_x_norm_squared, avg_iris_rel_face_y_norm_squared",4312,1078,121.36258007771538,93.18277597074336,94.52202766931825,8.039031353857698,563.5270641878054,63.805359565819515,134.41398513250573,93.66800235140799,74.92436500721118,58.902010022020015,33.51912763798608,278.11368945613293,10,29.99694418979359,0.3333672902389332
PingPong_HeadStill1,SQUARED_AND_INTERACTIONS,svr,"{'kernel': 'rbf', 'C': 5.0, 'epsilon': 0.1}",14,"avg_iris_rel_face_x_norm, avg_iris_rel_face_y_norm, face_yaw, face_pitch, face_roll, yaw_avg_iris_x_interaction, pitch_avg_iris_y_interaction, roll_avg_iris_x_interaction, roll_avg_iris_y_interaction, yaw_squared, pitch_squared, roll_squared, avg_iris_rel_face_x_norm_squared, avg_iris_rel_face_y_norm_squared",4312,1078,121.54805657092946,85.60323788910948,100.65082461448064,5.931744801458375,623.8681057310761,58.2370277492785,146.22971206528496,90.6816151927343,67.65131872838607,65.11829855881788,41.29945764945525,274.0600433208063,10,29.99694418979359,0.3333672902389332
PingPong_HeadStill1,SQUARED_AND_INTERACTIONS,mlp,"{'hidden_layer_sizes': (64, 32), 'activation': 'relu', 'solver': 'adam', 'alpha': 0.01, 'learning_rate_init': 0.001, 'max_iter': 2000}",14,"avg_iris_rel_face_x_norm, avg_iris_rel_face_y_norm, face_yaw, face_pitch, face_roll, yaw_avg_iris_x_interaction, pitch_avg_iris_y_interaction, roll_avg_iris_x_interaction, roll_avg_iris_y_interaction, yaw_squared, pitch_squared, roll_squared, avg_iris_rel_face_x_norm_squared, avg_iris_rel_face_y_norm_squared",4312,1078,121.72630949729016,83.52974751501111,99.67036076404578,2.7917352887836415,522.440936657611,53.24928264023834,196.8938565736171,84.3344595219749,52.3278062680662,73.6478474600211,52.42340255136723,265.19771005833746,10,29.99694418979359,0.3333672902389332
PingPong_HeadStill1,SQUARED_AND_INTERACTIONS,decision_tree,"{'max_depth': 10, 'min_samples_leaf': 3}",14,"avg_iris_rel_face_x_norm, avg_iris_rel_face_y_norm, face_yaw, face_pitch, face_roll, yaw_avg_iris_x_interaction, pitch_avg_iris_y_interaction, roll_avg_iris_x_interaction, roll_avg_iris_y_interaction, yaw_squared, pitch_squared, roll_squared, avg_iris_rel_face_x_norm_squared, avg_iris_rel_face_y_norm_squared",4312,1078,122.50103619138754,81.19575708072078,109.96893443795129,4.6266040715011165,527.9642506836992,45.85948883847014,170.79170520340693,79.92026885385314,48.792207792207805,74.97269216358892,44.94444444444444,282.88451825303014,10,29.99694418979359,0.3333672902389332
PingPong_HeadStill1,RELATIVE_IRIS_TO_FACE,knn,"{'n_neighbors': 5, 'weights': 'distance'}",4,"left_iris_rel_face_x, left_iris_rel_face_y, right_iris_rel_face_x, right_iris_rel_face_y",4312,1078,122.70075624657672,65.09265461538351,128.07029215260354,4.850846457593138,530.1104435721226,28.360483037053164,193.13054156991657,80.74451787264869,36.09435903519467,74.91056656644665,39.87835908521514,323.04123303662305,10,29.99694418979359,0.3333672902389332
PingPong_HeadStill1,RELATIVE_IRIS_TO_FACE,svr,"{'kernel': 'rbf', 'C': 0.5, 'epsilon': 0.05}",4,"left_iris_rel_face_x, left_iris_rel_face_y, right_iris_rel_face_x, right_iris_rel_face_y",4312,1078,123.4356855456186,83.48278419523285,112.65549662357455,1.973444271382407,526.0480094696911,39.199341870963586,176.33152144580782,60.14537386237141,30.222865835738695,91.85913009021274,58.389708538470515,300.12816176029156,10,29.99694418979359,0.3333672902389332
PingPong_HeadStill1,RELATIVE_IRIS_TO_FACE,polynomial_ridge,"{'degree': 2, 'alpha': 0.01}",4,"left_iris_rel_face_x, left_iris_rel_face_y, right_iris_rel_face_x, right_iris_rel_face_y",4312,1078,123.96423294269279,104.40778255896623,94.89921046027744,10.329010809566588,585.4082690260173,53.75761894702576,167.6535323066065,65.23737967530819,36.65372984753761,89.76443184739809,81.6774729893315,203.45668014011054,10,29.99694418979359,0.3333672902389332
PingPong_HeadStill1,RELATIVE_IRIS_TO_FACE,polynomial_ridge,"{'degree': 2, 'alpha': 0.1}",4,"left_iris_rel_face_x, left_iris_rel_face_y, right_iris_rel_face_x, right_iris_rel_face_y",4312,1078,123.96552313974955,104.40510302134322,94.8972253262301,10.33424460892722,585.4311520025676,53.766591309301575,167.6472813351844,65.23562952781026,36.66810160658423,89.76468724657751,81.66793012233023,203.55076137140267,10,29.99694418979359,0.3333672902389332
PingPong_HeadStill1,RELATIVE_IRIS_TO_FACE,polynomial_ridge,"{'degree': 2, 'alpha': 1.0}",4,"left_iris_rel_face_x, left_iris_rel_face_y, right_iris_rel_face_x, right_iris_rel_face_y",4312,1078,123.98047394611052,104.71499267726234,94.88018482144534,10.387911672493326,585.6593443532055,54.00253128296892,167.80903351162397,65.2193832443306,36.77526827822703,89.77003562008424,81.45563779036553,203.86718534144035,10,29.99694418979359,0.3333672902389332
PingPong_HeadStill1,SQUARED_AND_INTERACTIONS,decision_tree,"{'max_depth': 5, 'min_samples_leaf': 3}",14,"avg_iris_rel_face_x_norm, avg_iris_rel_face_y_norm, face_yaw, face_pitch, face_roll, yaw_avg_iris_x_interaction, pitch_avg_iris_y_interaction, roll_avg_iris_x_interaction, roll_avg_iris_y_interaction, yaw_squared, pitch_squared, roll_squared, avg_iris_rel_face_x_norm_squared, avg_iris_rel_face_y_norm_squared",4312,1078,124.80466993012328,94.17993299929205,98.53035102270522,2.5156281244401137,538.0314593401293,56.741407215945,157.39237701454726,83.31276730420015,52.87499999999998,76.18097609727279,62.71631166482466,267.24617657688094,10,29.99694418979359,0.3333672902389332
PingPong_HeadStill1,SQUARED_AND_INTERACTIONS,decision_tree,"{'max_depth': 5, 'min_samples_leaf': 5}",14,"avg_iris_rel_face_x_norm, avg_iris_rel_face_y_norm, face_yaw, face_pitch, face_roll, yaw_avg_iris_x_interaction, pitch_avg_iris_y_interaction, roll_avg_iris_x_interaction, roll_avg_iris_y_interaction, yaw_squared, pitch_squared, roll_squared, avg_iris_rel_face_x_norm_squared, avg_iris_rel_face_y_norm_squared",4312,1078,124.80466993012328,94.17993299929205,98.53035102270522,2.5156281244401137,538.0314593401293,56.741407215945,157.39237701454726,83.31276730420015,52.87499999999998,76.18097609727279,62.71631166482466,267.24617657688094,10,29.99694418979359,0.3333672902389332
PingPong_HeadStill1,RELATIVE_IRIS_TO_FACE,mlp,"{'hidden_layer_sizes': (32,), 'activation': 'relu', 'solver': 'adam', 'alpha': 1.0, 'learning_rate_init': 0.001, 'max_iter': 2000}",4,"left_iris_rel_face_x, left_iris_rel_face_y, right_iris_rel_face_x, right_iris_rel_face_y",4312,1078,125.13918408129125,99.18584128873985,107.7146825370319,7.047099630901826,591.1345866719665,48.27630865132676,158.88584279044545,64.66519334078608,38.76156584919119,90.2455315224303,66.74191862183181,260.12905637363184,10,29.99694418979359,0.3333672902389332
PingPong_HeadStill1,RELATIVE_IRIS_TO_FACE,svr,"{'kernel': 'rbf', 'C': 0.5, 'epsilon': 0.1}",4,"left_iris_rel_face_x, left_iris_rel_face_y, right_iris_rel_face_x, right_iris_rel_face_y",4312,1078,125.64558907920014,87.72874192342815,106.35489070819048,3.370415309931979,493.2551051633477,46.11429258810031,169.72206357673835,63.126537245179996,40.58404113472069,94.90170326442221,62.67206739219023,291.8621604867534,10,29.99694418979359,0.3333672902389332
PingPong_HeadStill1,RELATIVE_IRIS_TO_FACE,svr,"{'kernel': 'rbf', 'C': 1.0, 'epsilon': 0.05}",4,"left_iris_rel_face_x, left_iris_rel_face_y, right_iris_rel_face_x, right_iris_rel_face_y",4312,1078,125.9498229680865,81.5414726636291,118.66642552736802,3.8508234836395294,518.6206517675324,38.21717494680155,178.03007645555238,61.96626029360524,30.8412479307215,93.13156880755943,58.437054208773574,318.39275963772957,10,29.99694418979359,0.3333672902389332
PingPong_HeadStill1,RELATIVE_IRIS_TO_FACE,linear,,4,"left_iris_rel_face_x, left_iris_rel_face_y, right_iris_rel_face_x, right_iris_rel_face_y",4312,1078,126.36654998531766,121.80131769670368,81.92710376212807,5.578114109300736,522.7838375889285,68.58854701419347,158.16561371923154,69.061972722551,43.03299003456222,87.67672308265593,81.96587894420875,190.9515582930612,10,29.99694418979359,0.3333672902389332
PingPong_HeadStill1,RELATIVE_IRIS_TO_FACE,ridge,{'alpha': 0.01},4,"left_iris_rel_face_x, left_iris_rel_face_y, right_iris_rel_face_x, right_iris_rel_face_y",4312,1078,126.36686410696684,121.80195836600993,81.92680059527774,5.578200423949775,522.7819711268761,68.5873000917036,158.1669186023974,69.06204161019983,43.0335357507061,87.67717793516923,81.96580007873624,190.9519006213179,10,29.99694418979359,0.3333672902389332
PingPong_HeadStill1,RELATIVE_IRIS_TO_FACE,ridge,{'alpha': 0.1},4,"left_iris_rel_face_x, left_iris_rel_face_y, right_iris_rel_face_x, right_iris_rel_face_y",4312,1078,126.3696913209877,121.80772433271659,81.9240725634793,5.578981977381808,522.7651747320957,68.57607985418694,158.17866123809145,69.06266155719169,43.03844644604841,87.68127072306724,81.96509048371347,190.9549812803302,10,29.99694418979359,0.3333672902389332
PingPong_HeadStill1,RELATIVE_IRIS_TO_FACE,ridge,{'alpha': 1.0},4,"left_iris_rel_face_x, left_iris_rel_face_y, right_iris_rel_face_x, right_iris_rel_face_y",4312,1078,126.39797518043376,121.83469986163439,81.89683856683027,5.587262143940738,522.5973851369766,68.68856191894663,158.295957699624,69.06918696933312,43.087479275142904,87.72211118567394,82.00561889063506,190.98575864420286,10,29.99694418979359,0.3333672902389332
PingPong_HeadStill1,RELATIVE_IRIS_TO_FACE,mlp,"{'hidden_layer_sizes': (64, 32), 'activation': 'relu', 'solver': 'adam', 'alpha': 0.1, 'learning_rate_init': 0.001, 'max_iter': 2000}",4,"left_iris_rel_face_x, left_iris_rel_face_y, right_iris_rel_face_x, right_iris_rel_face_y",4312,1078,126.73488764772803,87.18658289183324,115.26135626458628,2.3536577621289565,553.7834651889478,43.75813999153303,157.65100999250402,56.74218043427195,31.90630272938664,99.3306909029602,64.91520487488755,330.248959694069,10,29.99694418979359,0.3333672902389332
PingPong_HeadStill1,SQUARED_AND_INTERACTIONS,linear,,14,"avg_iris_rel_face_x_norm, avg_iris_rel_face_y_norm, face_yaw, face_pitch, face_roll, yaw_avg_iris_x_interaction, pitch_avg_iris_y_interaction, roll_avg_iris_x_interaction, roll_avg_iris_y_interaction, yaw_squared, pitch_squared, roll_squared, avg_iris_rel_face_x_norm_squared, avg_iris_rel_face_y_norm_squared",4312,1078,127.0136753207679,92.96373537952672,95.61202145075127,7.962807073870991,508.2235344978122,63.53449651342006,151.94278659177058,83.8816816230697,52.23513115760426,75.25861016265587,63.86250041507579,257.666585280779,10,29.99694418979359,0.3333672902389332
PingPong_HeadStill1,SQUARED_AND_INTERACTIONS,ridge,{'alpha': 0.01},14,"avg_iris_rel_face_x_norm, avg_iris_rel_face_y_norm, face_yaw, face_pitch, face_roll, yaw_avg_iris_x_interaction, pitch_avg_iris_y_interaction, roll_avg_iris_x_interaction, roll_avg_iris_y_interaction, yaw_squared, pitch_squared, roll_squared, avg_iris_rel_face_x_norm_squared, avg_iris_rel_face_y_norm_squared",4312,1078,127.18334243905463,92.96104411998186,95.9161636727347,5.1626740521498755,507.86601376079864,63.399889690550786,153.35619494429028,84.42446400908949,52.1159445038309,75.06299588274395,63.730789585914266,255.25203919798062,10,29.99694418979359,0.3333672902389332
PingPong_HeadStill1,SQUARED_AND_INTERACTIONS,ridge,{'alpha': 1.0},14,"avg_iris_rel_face_x_norm, avg_iris_rel_face_y_norm, face_yaw, face_pitch, face_roll, yaw_avg_iris_x_interaction, pitch_avg_iris_y_interaction, roll_avg_iris_x_interaction, roll_avg_iris_y_interaction, yaw_squared, pitch_squared, roll_squared, avg_iris_rel_face_x_norm_squared, avg_iris_rel_face_y_norm_squared",4312,1078,127.40796328684188,89.00394788310314,99.56837259115142,17.940694814008005,504.444018711499,61.420693025349195,160.59751561453055,88.14843330245546,52.04127358565381,72.1031603810449,59.64701831844661,261.9832281254906,10,29.99694418979359,0.3333672902389332
PingPong_HeadStill1,SQUARED_AND_INTERACTIONS,knn,"{'n_neighbors': 10, 'weights': 'distance'}",14,"avg_iris_rel_face_x_norm, avg_iris_rel_face_y_norm, face_yaw, face_pitch, face_roll, yaw_avg_iris_x_interaction, pitch_avg_iris_y_interaction, roll_avg_iris_x_interaction, roll_avg_iris_y_interaction, yaw_squared, pitch_squared, roll_squared, avg_iris_rel_face_x_norm_squared, avg_iris_rel_face_y_norm_squared",4312,1078,127.92873140698187,79.2245893622297,125.99584753064381,4.802012316082061,519.3735877668502,31.48066379722893,173.85332089393256,89.54634947223339,51.89898044520415,77.40161674821161,43.51319479895464,348.2459099306021,10,29.99694418979359,0.3333672902389332
PingPong_HeadStill1,RELATIVE_IRIS_TO_FACE,svr,"{'kernel': 'rbf', 'C': 1.0, 'epsilon': 0.1}",4,"left_iris_rel_face_x, left_iris_rel_face_y, right_iris_rel_face_x, right_iris_rel_face_y",4312,1078,127.96338923320104,84.75923516950392,111.68628032423287,2.870944934319855,513.7888181783289,50.112677813489654,166.019546783386,63.650672278783276,39.470448127488815,97.59334848433107,66.27781210433209,308.033954668223,10,29.99694418979359,0.3333672902389332
PingPong_HeadStill1,SQUARED_AND_INTERACTIONS,svr,"{'kernel': 'rbf', 'C': 10.0, 'epsilon': 0.1}",14,"avg_iris_rel_face_x_norm, avg_iris_rel_face_y_norm, face_yaw, face_pitch, face_roll, yaw_avg_iris_x_interaction, pitch_avg_iris_y_interaction, roll_avg_iris_x_interaction, roll_avg_iris_y_interaction, yaw_squared, pitch_squared, roll_squared, avg_iris_rel_face_x_norm_squared, avg_iris_rel_face_y_norm_squared",4312,1078,127.99596564204326,94.30143323396406,101.72095147944181,3.009693715350895,653.8002416376266,60.20265806911593,163.43298991908438,95.39251035849992,72.20446189625704,71.25351185869604,46.33504131136327,272.94625919898266,10,29.99694418979359,0.3333672902389332
PingPong_HeadStill1,SQUARED_AND_INTERACTIONS,ridge,{'alpha': 0.1},14,"avg_iris_rel_face_x_norm, avg_iris_rel_face_y_norm, face_yaw, face_pitch, face_roll, yaw_avg_iris_x_interaction, pitch_avg_iris_y_interaction, roll_avg_iris_x_interaction, roll_avg_iris_y_interaction, yaw_squared, pitch_squared, roll_squared, avg_iris_rel_face_x_norm_squared, avg_iris_rel_face_y_norm_squared",4312,1078,128.06109582084133,91.92955203480118,97.42910395568899,7.979090703754672,506.3371382409546,62.849482671940386,157.8719720152124,86.98652341374019,53.657973162197585,74.06002609168067,62.77127606420207,258.51988709198093,10,29.99694418979359,0.3333672902389332
PingPong_HeadStill1,SQUARED_AND_INTERACTIONS,svr,"{'kernel': 'rbf', 'C': 2.0, 'epsilon': 0.05}",14,"avg_iris_rel_face_x_norm, avg_iris_rel_face_y_norm, face_yaw, face_pitch, face_roll, yaw_avg_iris_x_interaction, pitch_avg_iris_y_interaction, roll_avg_iris_x_interaction, roll_avg_iris_y_interaction, yaw_squared, pitch_squared, roll_squared, avg_iris_rel_face_x_norm_squared, avg_iris_rel_face_y_norm_squared",4312,1078,128.62516321791287,104.20663355164683,96.35888189114452,2.3154464256921683,623.4417729035007,68.30514222908732,144.3384026501406,101.09631336459582,84.90602323422748,60.66765866414899,34.890121397694706,278.804873038699,10,29.99694418979359,0.3333672902389332
PingPong_HeadStill1,RELATIVE_IRIS_TO_FACE,hist_gradient_boosting,"{'max_iter': 2000, 'learning_rate': 0.001, 'max_depth': 5, 'min_samples_leaf': 5}",4,"left_iris_rel_face_x, left_iris_rel_face_y, right_iris_rel_face_x, right_iris_rel_face_y",4312,1078,128.69224325191965,96.38921030758152,94.25791978726821,7.789068702708193,484.9990125404953,67.67078703244172,158.16797062299744,70.97513848188174,48.87071521513241,90.26257616946705,65.8706522580798,279.37502793669637,10,29.99694418979359,0.3333672902389332
PingPong_HeadStill1,SQUARED_AND_INTERACTIONS,mlp,"{'hidden_layer_sizes': (64, 32), 'activation': 'relu', 'solver': 'adam', 'alpha': 0.1, 'learning_rate_init': 0.001, 'max_iter': 2000}",14,"avg_iris_rel_face_x_norm, avg_iris_rel_face_y_norm, face_yaw, face_pitch, face_roll, yaw_avg_iris_x_interaction, pitch_avg_iris_y_interaction, roll_avg_iris_x_interaction, roll_avg_iris_y_interaction, yaw_squared, pitch_squared, roll_squared, avg_iris_rel_face_x_norm_squared, avg_iris_rel_face_y_norm_squared",4312,1078,129.1428382283395,78.25412943472097,115.02126361643484,10.412491816682067,492.1950401244644,44.50840278699232,181.4160737246782,93.76496360940556,55.77084247407047,75.0136588861341,44.98937020076096,329.4796867714478,10,29.99694418979359,0.3333672902389332
PingPong_HeadStill1,SQUARED_AND_INTERACTIONS,knn,"{'n_neighbors': 5, 'weights': 'distance'}",14,"avg_iris_rel_face_x_norm, avg_iris_rel_face_y_norm, face_yaw, face_pitch, face_roll, yaw_avg_iris_x_interaction, pitch_avg_iris_y_interaction, roll_avg_iris_x_interaction, roll_avg_iris_y_interaction, yaw_squared, pitch_squared, roll_squared, avg_iris_rel_face_x_norm_squared, avg_iris_rel_face_y_norm_squared",4312,1078,129.31258271959274,78.567932714172,126.95980140144133,4.9776606150480855,525.5315375236944,30.835522324850672,180.02749454443284,90.49589855576703,55.6641352427893,78.3544834010342,45.00140563405951,349.01868089486,10,29.99694418979359,0.3333672902389332
PingPong_HeadStill1,RELATIVE_IRIS_TO_FACE,random_forest,"{'n_estimators': 300, 'max_depth': 10, 'min_samples_leaf': 3}",4,"left_iris_rel_face_x, left_iris_rel_face_y, right_iris_rel_face_x, right_iris_rel_face_y",4312,1078,129.3151900688523,90.24174150241191,116.10450916717988,1.7270431821005654,511.82679762618096,43.79507440510665,193.9721888775312,76.88451340724407,50.82087391451843,89.87299724215976,58.28104579424415,310.6300345477059,10,29.99694418979359,0.3333672902389332
PingPong_HeadStill1,RELATIVE_IRIS_TO_FACE,hist_gradient_boosting,"{'max_iter': 2000, 'learning_rate': 0.001, 'max_depth': 5, 'min_samples_leaf': 3}",4,"left_iris_rel_face_x, left_iris_rel_face_y, right_iris_rel_face_x, right_iris_rel_face_y",4312,1078,130.17619980150732,97.72342291096756,95.45227533992261,8.292020694681158,484.80864838041606,68.27235255434323,160.85957180063906,71.63224702469338,50.57042213325301,90.83452421511501,66.24171103592639,281.68558773484625,10,29.99694418979359,0.3333672902389332
PingPong_HeadStill1,RELATIVE_IRIS_TO_FACE,svr,"{'kernel': 'rbf', 'C': 2.0, 'epsilon': 0.1}",4,"left_iris_rel_face_x, left_iris_rel_face_y, right_iris_rel_face_x, right_iris_rel_face_y",4312,1078,130.4313607508117,82.59982655430784,114.51079896948929,2.214226728740063,554.9477771422397,54.624619103934556,161.9912371590409,64.04042030534518,36.262823074338456,99.19745667189396,62.525707486132795,312.852100629055,10,29.99694418979359,0.3333672902389332
PingPong_HeadStill1,RELATIVE_IRIS_TO_FACE,random_forest,"{'n_estimators': 100, 'max_depth': 10, 'min_samples_leaf': 3}",4,"left_iris_rel_face_x, left_iris_rel_face_y, right_iris_rel_face_x, right_iris_rel_face_y",4312,1078,130.71176808676182,92.09410820540342,115.65759818647675,1.777201523082476,501.4624790868268,42.773881932167484,194.27882806871497,77.63526160788065,52.16300793650788,91.11099747097713,57.02357396769902,311.05934129902147,10,29.99694418979359,0.3333672902389332
PingPong_HeadStill1,SQUARED_AND_INTERACTIONS,lasso,{'alpha': 0.01},14,"avg_iris_rel_face_x_norm, avg_iris_rel_face_y_norm, face_yaw, face_pitch, face_roll, yaw_avg_iris_x_interaction, pitch_avg_iris_y_interaction, roll_avg_iris_x_interaction, roll_avg_iris_y_interaction, yaw_squared, pitch_squared, roll_squared, avg_iris_rel_face_x_norm_squared, avg_iris_rel_face_y_norm_squared",4312,1078,131.33369749263875,115.26422909271005,78.68087681819075,3.4911342369565412,427.16387422521007,78.54947709081077,155.41762156825888,96.4974386089215,82.07231411137094,69.74677495759195,61.448017470115566,236.162728271834,10,29.99694418979359,0.3333672902389332
PingPong_HeadStill1,RELATIVE_IRIS_TO_FACE,svr,"{'kernel': 'rbf', 'C': 2.0, 'epsilon': 0.05}",4,"left_iris_rel_face_x, left_iris_rel_face_y, right_iris_rel_face_x, right_iris_rel_face_y",4312,1078,131.61421042964577,76.74403374157922,124.91063046226664,2.902122814564413,589.1206752989964,45.71200877389477,174.54425563829886,66.66145353343008,31.631610463411004,95.68460963830944,57.672860572184625,337.39442592734474,10,29.99694418979359,0.3333672902389332
PingPong_HeadStill1,RELATIVE_IRIS_TO_FACE,random_forest,"{'n_estimators': 300, 'max_depth': 10, 'min_samples_leaf': 5}",4,"left_iris_rel_face_x, left_iris_rel_face_y, right_iris_rel_face_x, right_iris_rel_face_y",4312,1078,132.08359394932012,94.55336190681967,115.5002734864592,0.8290945666335428,504.3716973372858,44.66376598037184,196.71554643799865,79.38513225536033,53.64062906180962,91.07336710985149,58.14618488236958,310.2942831151872,10,29.99694418979359,0.3333672902389332
PingPong_HeadStill1,RELATIVE_IRIS_TO_FACE,hist_gradient_boosting,"{'max_iter': 2000, 'learning_rate': 0.001, 'max_depth': 10, 'min_samples_leaf': 5}",4,"left_iris_rel_face_x, left_iris_rel_face_y, right_iris_rel_face_x, right_iris_rel_face_y",4312,1078,132.52760546481778,101.65164980875043,96.73720225938024,7.702638898190703,477.8968265597687,64.89218172942542,172.70084249982025,72.98780417725149,50.38642649284135,92.81622876960027,69.70221158369306,288.6358387590166,10,29.99694418979359,0.3333672902389332
PingPong_HeadStill1,SQUARED_AND_INTERACTIONS,elasticnet,"{'alpha': 0.01, 'l1_ratio': 0.5, 'max_iter': 2000}",14,"avg_iris_rel_face_x_norm, avg_iris_rel_face_y_norm, face_yaw, face_pitch, face_roll, yaw_avg_iris_x_interaction, pitch_avg_iris_y_interaction, roll_avg_iris_x_interaction, roll_avg_iris_y_interaction, yaw_squared, pitch_squared, roll_squared, avg_iris_rel_face_x_norm_squared, avg_iris_rel_face_y_norm_squared",4312,1078,133.9203811436897,114.09050256689231,81.95378159346774,10.930653193907709,442.59421919140055,76.45180618874187,164.36026782427427,99.86561210940472,84.9580825932185,70.18591872000663,61.13063659640166,242.365366781001,10,29.99694418979359,0.3333672902389332
PingPong_HeadStill1,RELATIVE_IRIS_TO_FACE,elasticnet,"{'alpha': 0.01, 'l1_ratio': 0.5, 'max_iter': 2000}",4,"left_iris_rel_face_x, left_iris_rel_face_y, right_iris_rel_face_x, right_iris_rel_face_y",4312,1078,134.32862573647077,130.0890702444534,75.88956404222628,3.152187676559417,480.5525848459623,78.76255419443636,163.81450675300266,76.53112316564084,54.652316290572344,93.70184954073035,90.65813571678942,209.80477176929875,10,29.99694418979359,0.3333672902389332
PingPong_HeadStill1,RELATIVE_IRIS_TO_FACE,random_forest,"{'n_estimators': 100, 'max_depth': 10, 'min_samples_leaf': 5}",4,"left_iris_rel_face_x, left_iris_rel_face_y, right_iris_rel_face_x, right_iris_rel_face_y",4312,1078,134.37225816843824,98.30229297620394,115.82670811955806,1.444600099069752,493.1327800607689,44.72209835819586,197.99675584542268,81.05237534226089,55.291168725628594,92.78162713318036,57.48148081744779,312.6840895517048,10,29.99694418979359,0.3333672902389332
PingPong_HeadStill1,RELATIVE_IRIS_TO_FACE,hist_gradient_boosting,"{'max_iter': 2000, 'learning_rate': 0.001, 'max_depth': 10, 'min_samples_leaf': 3}",4,"left_iris_rel_face_x, left_iris_rel_face_y, right_iris_rel_face_x, right_iris_rel_face_y",4312,1078,134.45452680869326,102.94028749165898,97.4141498900314,5.624761760416344,478.56144663164747,65.90320283037047,175.79246547815126,74.72124770135349,50.50217682546975,93.47052170374303,69.67728080710883,288.91864594297425,10,29.99694418979359,0.3333672902389332
PingPong_HeadStill1,RELATIVE_IRIS_TO_FACE,random_forest,"{'n_estimators': 300, 'max_depth': 5, 'min_samples_leaf': 3}",4,"left_iris_rel_face_x, left_iris_rel_face_y, right_iris_rel_face_x, right_iris_rel_face_y",4312,1078,135.63055791650797,95.66392047727153,105.98707466099928,9.79757697205863,473.4700920326604,59.09010657720726,180.58582329856156,83.14585880567796,58.20012013947897,90.58894106375918,59.0293994547993,315.92606451990775,10,29.99694418979359,0.3333672902389332
PingPong_HeadStill1,RELATIVE_IRIS_TO_FACE,random_forest,"{'n_estimators': 300, 'max_depth': 5, 'min_samples_leaf': 5}",4,"left_iris_rel_face_x, left_iris_rel_face_y, right_iris_rel_face_x, right_iris_rel_face_y",4312,1078,135.64004354131777,95.24954983443882,106.2322517561875,13.190458283542652,478.15734992960864,59.36639235094085,179.75106011097455,83.43224104730129,58.610948407382715,90.38015737690526,58.90919002034323,313.75428990271894,10,29.99694418979359,0.3333672902389332
PingPong_HeadStill1,RELATIVE_IRIS_TO_FACE,random_forest,"{'n_estimators': 100, 'max_depth': 5, 'min_samples_leaf': 5}",4,"left_iris_rel_face_x, left_iris_rel_face_y, right_iris_rel_face_x, right_iris_rel_face_y",4312,1078,136.01343364104304,96.75889518834077,105.54670886470382,1.011447283401385,469.05053408525396,59.433755301530574,179.90732325948855,82.97745871551139,60.04724006864418,91.36855986564146,58.68820727132863,311.5481785129883,10,29.99694418979359,0.3333672902389332
PingPong_HeadStill1,RELATIVE_IRIS_TO_FACE,random_forest,"{'n_estimators': 100, 'max_depth': 5, 'min_samples_leaf': 3}",4,"left_iris_rel_face_x, left_iris_rel_face_y, right_iris_rel_face_x, right_iris_rel_face_y",4312,1078,136.13523064831256,96.0794209348629,105.3253756046896,3.26571982504366,463.0682769258013,59.21295247328734,179.63124086985553,82.96357721565008,59.93954175370824,91.38133407019068,58.694263198683394,312.06691047313876,10,29.99694418979359,0.3333672902389332
PingPong_HeadStill1,RELATIVE_IRIS_TO_FACE,mlp,"{'hidden_layer_sizes': (32,), 'activation': 'relu', 'solver': 'adam', 'alpha': 0.01, 'learning_rate_init': 0.001, 'max_iter': 2000}",4,"left_iris_rel_face_x, left_iris_rel_face_y, right_iris_rel_face_x, right_iris_rel_face_y",4312,1078,136.48564193167684,96.20331243013128,124.1760672123279,0.589067879832495,569.1380188738171,48.106078210882636,173.7392429871408,63.344878021922945,38.11418860126327,105.47945285932859,73.06569111283859,334.6631727848967,10,29.99694418979359,0.3333672902389332
PingPong_HeadStill1,RELATIVE_IRIS_TO_FACE,mlp,"{'hidden_layer_sizes': (32,), 'activation': 'relu', 'solver': 'adam', 'alpha': 0.1, 'learning_rate_init': 0.001, 'max_iter': 2000}",4,"left_iris_rel_face_x, left_iris_rel_face_y, right_iris_rel_face_x, right_iris_rel_face_y",4312,1078,137.2141555480944,94.80685102761612,124.41000624218638,3.058316113008554,577.6760510154794,48.176748812920984,172.8772981910973,62.85762458366593,37.26404292576344,106.93743584805243,75.15043540723717,333.3106704619009,10,29.99694418979359,0.3333672902389332
PingPong_HeadStill1,SQUARED_AND_INTERACTIONS,svr,"{'kernel': 'rbf', 'C': 1.0, 'epsilon': 0.2}",14,"avg_iris_rel_face_x_norm, avg_iris_rel_face_y_norm, face_yaw, face_pitch, face_roll, yaw_avg_iris_x_interaction, pitch_avg_iris_y_interaction, roll_avg_iris_x_interaction, roll_avg_iris_y_interaction, yaw_squared, pitch_squared, roll_squared, avg_iris_rel_face_x_norm_squared, avg_iris_rel_face_y_norm_squared",4312,1078,137.87207793903863,124.25748981283579,74.61495254688936,4.892668883277632,376.60686506636233,82.31182128797474,180.1301725068938,108.45628837130555,93.77293703988421,60.09818614282958,47.3726926622904,243.1710893513804,10,29.99694418979359,0.3333672902389332
PingPong_HeadStill1,SQUARED_AND_INTERACTIONS,mlp,"{'hidden_layer_sizes': (32,), 'activation': 'relu', 'solver': 'adam', 'alpha': 0.1, 'learning_rate_init': 0.001, 'max_iter': 2000}",14,"avg_iris_rel_face_x_norm, avg_iris_rel_face_y_norm, face_yaw, face_pitch, face_roll, yaw_avg_iris_x_interaction, pitch_avg_iris_y_interaction, roll_avg_iris_x_interaction, roll_avg_iris_y_interaction, yaw_squared, pitch_squared, roll_squared, avg_iris_rel_face_x_norm_squared, avg_iris_rel_face_y_norm_squared",4312,1078,137.90269301151326,105.28746721372188,107.18430309105115,3.978167411637967,455.73121475926064,52.030169551579064,184.91469007538274,87.65360904475659,56.80946724601867,93.35257121578766,65.8039817509755,325.3742536748011,10,29.99694418979359,0.3333672902389332
PingPong_HeadStill1,SQUARED_AND_INTERACTIONS,svr,"{'kernel': 'rbf', 'C': 2.0, 'epsilon': 0.2}",14,"avg_iris_rel_face_x_norm, avg_iris_rel_face_y_norm, face_yaw, face_pitch, face_roll, yaw_avg_iris_x_interaction, pitch_avg_iris_y_interaction, roll_avg_iris_x_interaction, roll_avg_iris_y_interaction, yaw_squared, pitch_squared, roll_squared, avg_iris_rel_face_x_norm_squared, avg_iris_rel_face_y_norm_squared",4312,1078,138.69081801927507,124.56722193923503,74.92291230713971,5.547782979294671,383.7753714602879,83.00494792959164,178.52130751599327,109.47682188975172,94.71924377889525,60.26945884331936,47.88792770138804,245.37371910698874,10,29.99694418979359,0.3333672902389332
PingPong_HeadStill1,SQUARED_AND_INTERACTIONS,svr,"{'kernel': 'rbf', 'C': 5.0, 'epsilon': 0.2}",14,"avg_iris_rel_face_x_norm, avg_iris_rel_face_y_norm, face_yaw, face_pitch, face_roll, yaw_avg_iris_x_interaction, pitch_avg_iris_y_interaction, roll_avg_iris_x_interaction, roll_avg_iris_y_interaction, yaw_squared, pitch_squared, roll_squared, avg_iris_rel_face_x_norm_squared, avg_iris_rel_face_y_norm_squared",4312,1078,138.73466346437,124.50662935810844,75.10469812905241,6.569061810138692,387.9916658758353,83.30979561279901,178.26697926663078,109.39604268574425,93.97172977155736,60.67993969024586,48.455995654698114,246.8895902624133,10,29.99694418979359,0.3333672902389332
PingPong_HeadStill1,SQUARED_AND_INTERACTIONS,svr,"{'kernel': 'rbf', 'C': 10.0, 'epsilon': 0.2}",14,"avg_iris_rel_face_x_norm, avg_iris_rel_face_y_norm, face_yaw, face_pitch, face_roll, yaw_avg_iris_x_interaction, pitch_avg_iris_y_interaction, roll_avg_iris_x_interaction, roll_avg_iris_y_interaction, yaw_squared, pitch_squared, roll_squared, avg_iris_rel_face_x_norm_squared, avg_iris_rel_face_y_norm_squared",4312,1078,139.0284045471388,125.00466929401597,74.85736639429042,6.979532889881935,388.77294765411096,84.01136975064217,178.74042620757723,109.24613789075626,93.79184928618949,61.23745636000529,49.43915793673363,246.30437744496774,10,29.99694418979359,0.3333672902389332
PingPong_HeadStill1,SQUARED_AND_INTERACTIONS,svr,"{'kernel': 'rbf', 'C': 0.5, 'epsilon': 0.2}",14,"avg_iris_rel_face_x_norm, avg_iris_rel_face_y_norm, face_yaw, face_pitch, face_roll, yaw_avg_iris_x_interaction, pitch_avg_iris_y_interaction, roll_avg_iris_x_interaction, roll_avg_iris_y_interaction, yaw_squared, pitch_squared, roll_squared, avg_iris_rel_face_x_norm_squared, avg_iris_rel_face_y_norm_squared",4312,1078,139.8543453223333,126.74614687583622,73.3906066228534,4.781457657753583,372.2016961328973,83.39390751836056,183.3281342094629,108.47914232725768,93.71204203689382,63.21273013574202,52.020792053473045,241.0103472204392,10,29.99694418979359,0.3333672902389332
PingPong_HeadStill1,RELATIVE_IRIS_TO_FACE,svr,"{'kernel': 'rbf', 'C': 5.0, 'epsilon': 0.05}",4,"left_iris_rel_face_x, left_iris_rel_face_y, right_iris_rel_face_x, right_iris_rel_face_y",4312,1078,140.7846717135842,89.39751399862533,130.28508510749987,1.2922376352281353,642.8188204089205,49.971857836860224,174.4863746946975,75.5753927029649,34.54396185466372,99.18242154228959,61.18259976676872,347.75828551431323,10,29.99694418979359,0.3333672902389332
PingPong_HeadStill1,SQUARED_AND_INTERACTIONS,elasticnet,"{'alpha': 0.1, 'l1_ratio': 0.5, 'max_iter': 2000}",14,"avg_iris_rel_face_x_norm, avg_iris_rel_face_y_norm, face_yaw, face_pitch, face_roll, yaw_avg_iris_x_interaction, pitch_avg_iris_y_interaction, roll_avg_iris_x_interaction, roll_avg_iris_y_interaction, yaw_squared, pitch_squared, roll_squared, avg_iris_rel_face_x_norm_squared, avg_iris_rel_face_y_norm_squared",4312,1078,141.9266385082886,135.181389157637,65.50778146605536,2.000733692833045,363.2342699180884,99.89505395052333,168.6551422067251,98.05833931829491,90.0950767846264,81.7165166303363,75.43194612861673,230.87975695575633,10,29.99694418979359,0.3333672902389332
PingPong_HeadStill1,SQUARED_AND_INTERACTIONS,mlp,"{'hidden_layer_sizes': (32,), 'activation': 'relu', 'solver': 'adam', 'alpha': 0.01, 'learning_rate_init': 0.001, 'max_iter': 2000}",14,"avg_iris_rel_face_x_norm, avg_iris_rel_face_y_norm, face_yaw, face_pitch, face_roll, yaw_avg_iris_x_interaction, pitch_avg_iris_y_interaction, roll_avg_iris_x_interaction, roll_avg_iris_y_interaction, yaw_squared, pitch_squared, roll_squared, avg_iris_rel_face_x_norm_squared, avg_iris_rel_face_y_norm_squared",4312,1078,142.01763889335902,110.58517377642025,111.74687616738503,1.1476753550289416,452.8235422382222,55.55869382323212,182.20625334712528,88.93790967884951,57.8968826478728,98.1963906336555,67.59440990274999,332.7086363843259,10,29.99694418979359,0.3333672902389332
PingPong_HeadStill1,RELATIVE_IRIS_TO_FACE,lasso,{'alpha': 0.01},4,"left_iris_rel_face_x, left_iris_rel_face_y, right_iris_rel_face_x, right_iris_rel_face_y",4312,1078,142.99274261161918,140.5625512203119,72.47603705147812,6.383439158627351,445.45665350079537,89.02113770789661,172.17384117413553,85.00369610666313,67.30105956434772,98.78732380242143,97.9630915847928,226.9529112565602,10,29.99694418979359,0.3333672902389332
PingPong_HeadStill1,SQUARED_AND_INTERACTIONS,svr,"{'kernel': 'rbf', 'C': 5.0, 'epsilon': 0.05}",14,"avg_iris_rel_face_x_norm, avg_iris_rel_face_y_norm, face_yaw, face_pitch, face_roll, yaw_avg_iris_x_interaction, pitch_avg_iris_y_interaction, roll_avg_iris_x_interaction, roll_avg_iris_y_interaction, yaw_squared, pitch_squared, roll_squared, avg_iris_rel_face_x_norm_squared, avg_iris_rel_face_y_norm_squared",4312,1078,144.226474327378,116.48470008176113,106.72733163333696,2.9296639058231766,697.4662331488609,78.69221605717307,180.85501035229225,115.98231227151375,94.28714705486024,67.71351821667203,44.59556889589827,288.4128311267668,10,29.99694418979359,0.3333672902389332
PingPong_HeadStill1,RELATIVE_IRIS_TO_FACE,svr,"{'kernel': 'rbf', 'C': 10.0, 'epsilon': 0.05}",4,"left_iris_rel_face_x, left_iris_rel_face_y, right_iris_rel_face_x, right_iris_rel_face_y",4312,1078,146.6655994768783,94.4809004614788,130.39665928103838,2.3090320695829925,599.1247162969622,50.75672416208863,200.83171498501375,80.03104616883823,36.29192894852834,100.37298226198956,61.461164061449814,327.22758012785033,10,29.99694418979359,0.3333672902389332
PingPong_HeadStill1,RELATIVE_IRIS_TO_FACE,svr,"{'kernel': 'rbf', 'C': 0.5, 'epsilon': 0.2}",4,"left_iris_rel_face_x, left_iris_rel_face_y, right_iris_rel_face_x, right_iris_rel_face_y",4312,1078,147.5427792807874,122.06618671785398,93.61250034992999,1.3911706432704434,441.21400788309836,83.21757357035541,180.3333864204204,89.11293512372444,75.18183565227446,96.98474175411428,70.99259995211466,289.43024776424863,10,29.99694418979359,0.3333672902389332
PingPong_HeadStill1,RELATIVE_IRIS_TO_FACE,svr,"{'kernel': 'rbf', 'C': 5.0, 'epsilon': 0.1}",4,"left_iris_rel_face_x, left_iris_rel_face_y, right_iris_rel_face_x, right_iris_rel_face_y",4312,1078,147.88311343754782,100.45788455059542,125.70569103150156,1.456207654841293,636.5144799933545,63.70999608224755,172.51684485221452,75.19246849329113,41.76480522363791,111.69718074647058,79.94214891896172,361.40936144934426,10,29.99694418979359,0.3333672902389332
PingPong_HeadStill1,RELATIVE_IRIS_TO_FACE,decision_tree,"{'max_depth': 10, 'min_samples_leaf': 5}",4,"left_iris_rel_face_x, left_iris_rel_face_y, right_iris_rel_face_x, right_iris_rel_face_y",4312,1078,148.77678776669367,85.69166586267932,137.2937508384132,1.9601657218370856,519.7290159304173,39.34601412868872,239.40275923680014,90.04711381159304,51.67741935483877,102.33869624066553,50.556451612903246,366.3227985200453,10,29.99694418979359,0.3333672902389332
PingPong_HeadStill1,RELATIVE_IRIS_TO_FACE,svr,"{'kernel': 'rbf', 'C': 1.0, 'epsilon': 0.2}",4,"left_iris_rel_face_x, left_iris_rel_face_y, right_iris_rel_face_x, right_iris_rel_face_y",4312,1078,148.7936506296085,123.12630937902532,99.14497689337477,2.5251998987920063,452.6727439340565,80.34990376750481,186.36556187579788,89.02294422794795,74.85394162313767,99.70593139119434,69.45206539426891,304.7304827668984,10,29.99694418979359,0.3333672902389332
PingPong_HeadStill1,RELATIVE_IRIS_TO_FACE,decision_tree,"{'max_depth': 10, 'min_samples_leaf': 3}",4,"left_iris_rel_face_x, left_iris_rel_face_y, right_iris_rel_face_x, right_iris_rel_face_y",4312,1078,150.53527715123718,89.14584643461131,136.95260788261447,1.96016572183696,525.532349147034,42.06709463617775,261.5415353640183,91.90892016341358,53.99999999999995,102.92176559591648,53.99999999999997,363.62060323695033,10,29.99694418979359,0.3333672902389332
PingPong_HeadStill1,SQUARED_AND_INTERACTIONS,lasso,{'alpha': 0.1},14,"avg_iris_rel_face_x_norm, avg_iris_rel_face_y_norm, face_yaw, face_pitch, face_roll, yaw_avg_iris_x_interaction, pitch_avg_iris_y_interaction, roll_avg_iris_x_interaction, roll_avg_iris_y_interaction, yaw_squared, pitch_squared, roll_squared, avg_iris_rel_face_x_norm_squared, avg_iris_rel_face_y_norm_squared",4312,1078,157.25457427589006,150.30255199392371,53.933808119289026,53.67704331466917,350.4945492768411,123.50167531897398,181.7842734394365,103.02236856923915,96.46360946560418,90.99512061983098,84.35458414874165,227.0642017705988,10,29.99694418979359,0.3333672902389332
PingPong_HeadStill1,SQUARED_AND_INTERACTIONS,svr,"{'kernel': 'rbf', 'C': 10.0, 'epsilon': 0.05}",14,"avg_iris_rel_face_x_norm, avg_iris_rel_face_y_norm, face_yaw, face_pitch, face_roll, yaw_avg_iris_x_interaction, pitch_avg_iris_y_interaction, roll_avg_iris_x_interaction, roll_avg_iris_y_interaction, yaw_squared, pitch_squared, roll_squared, avg_iris_rel_face_x_norm_squared, avg_iris_rel_face_y_norm_squared",4312,1078,157.4149577286971,123.6063388878366,117.21081148352087,5.11854433805165,726.3047702436941,82.87960649244778,191.0069487376211,123.8548671986361,100.74682421776681,80.76618914058682,60.715526432755354,313.095630541019,10,29.99694418979359,0.3333672902389332
PingPong_HeadStill1,RELATIVE_IRIS_TO_FACE,elasticnet,"{'alpha': 0.1, 'l1_ratio': 0.5, 'max_iter': 2000}",4,"left_iris_rel_face_x, left_iris_rel_face_y, right_iris_rel_face_x, right_iris_rel_face_y",4312,1078,157.88981078650994,153.58121682234994,59.48834540086873,5.016939297346571,374.8088423573131,119.9691401829648,189.46906688137574,91.84796052415986,82.83735108361007,105.79209708306892,106.58803846308075,220.69945505459413,10,29.99694418979359,0.3333672902389332
PingPong_HeadStill1,RELATIVE_IRIS_TO_FACE,svr,"{'kernel': 'rbf', 'C': 10.0, 'epsilon': 0.1}",4,"left_iris_rel_face_x, left_iris_rel_face_y, right_iris_rel_face_x, right_iris_rel_face_y",4312,1078,159.96174763910676,109.07019556049102,135.2116066133549,3.2193633766277596,681.6717846977479,69.73305865255116,214.1209859443046,92.90975316255552,50.414497850552706,112.73160331480186,83.48747536367557,359.8942900132346,10,29.99694418979359,0.3333672902389332
PingPong_HeadStill1,RELATIVE_IRIS_TO_FACE,decision_tree,"{'max_depth': 5, 'min_samples_leaf': 5}",4,"left_iris_rel_face_x, left_iris_rel_face_y, right_iris_rel_face_x, right_iris_rel_face_y",4312,1078,160.4400808073084,107.2960570317922,124.22070540016492,4.801543545140403,508.5137657920382,68.88809905343349,263.32719750525627,103.9963844460284,74.51513818386914,102.71656766382388,64.81725888324868,363.27968451172035,10,29.99694418979359,0.3333672902389332
PingPong_HeadStill1,RELATIVE_IRIS_TO_FACE,decision_tree,"{'max_depth': 5, 'min_samples_leaf': 3}",4,"left_iris_rel_face_x, left_iris_rel_face_y, right_iris_rel_face_x, right_iris_rel_face_y",4312,1078,160.4400808073084,107.2960570317922,124.22070540016492,4.801543545140403,508.5137657920382,68.88809905343349,263.32719750525627,103.9963844460284,74.51513818386914,102.71656766382388,64.81725888324868,363.27968451172035,10,29.99694418979359,0.3333672902389332
PingPong_HeadStill1,RELATIVE_IRIS_TO_FACE,svr,"{'kernel': 'rbf', 'C': 2.0, 'epsilon': 0.2}",4,"left_iris_rel_face_x, left_iris_rel_face_y, right_iris_rel_face_x, right_iris_rel_face_y",4312,1078,162.66916519939093,133.19130340158068,105.37811396441492,6.649404341551888,513.9660100800646,89.57598318628186,184.74992934746558,88.45784926622372,71.87525424693266,118.10926144818896,89.34744532919588,328.89593813227253,10,29.99694418979359,0.3333672902389332
PingPong_HeadStill1,SQUARED_AND_INTERACTIONS,polynomial_ridge,"{'degree': 2, 'alpha': 0.01}",14,"avg_iris_rel_face_x_norm, avg_iris_rel_face_y_norm, face_yaw, face_pitch, face_roll, yaw_avg_iris_x_interaction, pitch_avg_iris_y_interaction, roll_avg_iris_x_interaction, roll_avg_iris_y_interaction, yaw_squared, pitch_squared, roll_squared, avg_iris_rel_face_x_norm_squared, avg_iris_rel_face_y_norm_squared",4312,1078,174.20738170135863,95.86077867351628,177.9653433755199,9.107276128710977,1055.9511586855476,56.65282391433898,215.66889825642974,101.56852259147212,61.32983002040375,120.71112501197814,63.5419628902799,501.37160157935614,10,29.99694418979359,0.3333672902389332
PingPong_HeadStill1,RELATIVE_IRIS_TO_FACE,lasso,{'alpha': 0.1},4,"left_iris_rel_face_x, left_iris_rel_face_y, right_iris_rel_face_x, right_iris_rel_face_y",4312,1078,176.4051063355448,171.6188865889215,50.65435864604121,48.47464116142939,359.292130507873,147.5903830373793,206.1348362925175,101.93837424232012,92.72230599962128,114.65424342847516,112.79572377329214,238.61272650437277,10,29.99694418979359,0.3333672902389332
PingPong_HeadStill1,SQUARED_AND_INTERACTIONS,gradient_boosting,"{'n_estimators': 300, 'learning_rate': 0.001, 'max_depth': 10, 'min_samples_leaf': 3}",14,"avg_iris_rel_face_x_norm, avg_iris_rel_face_y_norm, face_yaw, face_pitch, face_roll, yaw_avg_iris_x_interaction, pitch_avg_iris_y_interaction, roll_avg_iris_x_interaction, roll_avg_iris_y_interaction, yaw_squared, pitch_squared, roll_squared, avg_iris_rel_face_x_norm_squared, avg_iris_rel_face_y_norm_squared",4312,1078,183.47926802389335,174.71994558659884,38.44993363274439,121.76717560354858,357.3361938703675,155.90248684296336,205.72814898196407,125.77701741906232,119.44179862100923,98.52968945114131,98.69742222446185,232.8154677991179,10,29.99694418979359,0.3333672902389332
PingPong_HeadStill1,SQUARED_AND_INTERACTIONS,gradient_boosting,"{'n_estimators': 300, 'learning_rate': 0.001, 'max_depth': 10, 'min_samples_leaf': 5}",14,"avg_iris_rel_face_x_norm, avg_iris_rel_face_y_norm, face_yaw, face_pitch, face_roll, yaw_avg_iris_x_interaction, pitch_avg_iris_y_interaction, roll_avg_iris_x_interaction, roll_avg_iris_y_interaction, yaw_squared, pitch_squared, roll_squared, avg_iris_rel_face_x_norm_squared, avg_iris_rel_face_y_norm_squared",4312,1078,185.32058965448357,176.51903458195363,37.96704239692416,121.93682353964076,355.9649858852617,157.00478777005307,208.04577157262128,126.02694485247385,121.69897883724008,100.34359264417857,97.56731752814895,232.8751113833826,10,29.99694418979359,0.3333672902389332
PingPong_HeadStill1,RELATIVE_IRIS_TO_FACE,gradient_boosting,"{'n_estimators': 300, 'learning_rate': 0.001, 'max_depth': 10, 'min_samples_leaf': 5}",4,"left_iris_rel_face_x, left_iris_rel_face_y, right_iris_rel_face_x, right_iris_rel_face_y",4312,1078,185.624723918193,180.72160501031485,43.61211288996946,119.8281531069478,375.95415083693445,150.61437736311467,208.79549007386473,120.98477724800321,112.67065342987398,106.67062846165254,101.17705572953986,236.53966348300546,10,29.99694418979359,0.3333672902389332
PingPong_HeadStill1,RELATIVE_IRIS_TO_FACE,gradient_boosting,"{'n_estimators': 300, 'learning_rate': 0.001, 'max_depth': 10, 'min_samples_leaf': 3}",4,"left_iris_rel_face_x, left_iris_rel_face_y, right_iris_rel_face_x, right_iris_rel_face_y",4312,1078,185.71801840032546,180.15717142267752,43.84140318084272,120.17820350497902,381.09251432003754,150.13658685960036,209.31254473990714,121.1457882967573,113.30350857322237,106.63404207662643,101.14005914208911,236.26857787450044,10,29.99694418979359,0.3333672902389332
PingPong_HeadStill1,SQUARED_AND_INTERACTIONS,gradient_boosting,"{'n_estimators': 300, 'learning_rate': 0.001, 'max_depth': 5, 'min_samples_leaf': 5}",14,"avg_iris_rel_face_x_norm, avg_iris_rel_face_y_norm, face_yaw, face_pitch, face_roll, yaw_avg_iris_x_interaction, pitch_avg_iris_y_interaction, roll_avg_iris_x_interaction, roll_avg_iris_y_interaction, yaw_squared, pitch_squared, roll_squared, avg_iris_rel_face_x_norm_squared, avg_iris_rel_face_y_norm_squared",4312,1078,186.2109400026267,178.20779787954547,35.29774497979661,118.37440400616707,326.83682695671627,164.23460692012287,204.24501799438798,127.80689326582976,124.19130738577567,100.06532581999038,101.86598097299672,232.8349747333132,10,29.99694418979359,0.3333672902389332
PingPong_HeadStill1,SQUARED_AND_INTERACTIONS,gradient_boosting,"{'n_estimators': 300, 'learning_rate': 0.001, 'max_depth': 5, 'min_samples_leaf': 3}",14,"avg_iris_rel_face_x_norm, avg_iris_rel_face_y_norm, face_yaw, face_pitch, face_roll, yaw_avg_iris_x_interaction, pitch_avg_iris_y_interaction, roll_avg_iris_x_interaction, roll_avg_iris_y_interaction, yaw_squared, pitch_squared, roll_squared, avg_iris_rel_face_x_norm_squared, avg_iris_rel_face_y_norm_squared",4312,1078,186.2544633812007,178.19884019177056,35.231407991598026,118.4874534004489,326.83196261208514,164.39150154233837,204.23379621457974,127.86995328519279,124.80958952684496,100.06267343788959,101.86598097299672,233.01381249557298,10,29.99694418979359,0.3333672902389332
PingPong_HeadStill1,SQUARED_AND_INTERACTIONS,polynomial_ridge,"{'degree': 2, 'alpha': 0.1}",14,"avg_iris_rel_face_x_norm, avg_iris_rel_face_y_norm, face_yaw, face_pitch, face_roll, yaw_avg_iris_x_interaction, pitch_avg_iris_y_interaction, roll_avg_iris_x_interaction, roll_avg_iris_y_interaction, yaw_squared, pitch_squared, roll_squared, avg_iris_rel_face_x_norm_squared, avg_iris_rel_face_y_norm_squared",4312,1078,186.36879030464337,97.53114580741757,201.72382594420185,7.0800900720868105,992.0804433089037,57.091801291660396,210.55110479119992,91.7989555117878,56.95447337079162,141.10798161932394,65.64174204560614,584.574379716555,10,29.99694418979359,0.3333672902389332
PingPong_HeadStill1,RELATIVE_IRIS_TO_FACE,gradient_boosting,"{'n_estimators': 300, 'learning_rate': 0.001, 'max_depth': 5, 'min_samples_leaf': 5}",4,"left_iris_rel_face_x, left_iris_rel_face_y, right_iris_rel_face_x, right_iris_rel_face_y",4312,1078,189.15703046668327,183.60473352018045,39.62342909485741,120.9028474315796,347.58674662268805,156.84511846982454,213.8712876520847,127.91687644091066,126.09530921035113,104.20007590471276,101.67063227494168,241.15413236850736,10,29.99694418979359,0.3333672902389332
PingPong_HeadStill1,RELATIVE_IRIS_TO_FACE,gradient_boosting,"{'n_estimators': 300, 'learning_rate': 0.001, 'max_depth': 5, 'min_samples_leaf': 3}",4,"left_iris_rel_face_x, left_iris_rel_face_y, right_iris_rel_face_x, right_iris_rel_face_y",4312,1078,189.45068613747276,183.28843335684104,39.89648787691084,120.92802175046731,347.0022776796962,156.5484565205292,215.0139810129074,128.24409889956246,126.06722590756635,104.42869398579433,101.80030567039847,241.3737558644716,10,29.99694418979359,0.3333672902389332
PingPong_HeadStill1,SQUARED_AND_INTERACTIONS,polynomial_ridge,"{'degree': 2, 'alpha': 1.0}",14,"avg_iris_rel_face_x_norm, avg_iris_rel_face_y_norm, face_yaw, face_pitch, face_roll, yaw_avg_iris_x_interaction, pitch_avg_iris_y_interaction, roll_avg_iris_x_interaction, roll_avg_iris_y_interaction, yaw_squared, pitch_squared, roll_squared, avg_iris_rel_face_x_norm_squared, avg_iris_rel_face_y_norm_squared",4312,1078,189.62238744971177,91.47818485225022,220.24619338630933,4.4525644752863816,943.3609924344337,53.83847336247759,211.67250204971506,76.42609669464366,46.180360576901464,153.97155133073773,61.25437354845678,600.2450489395766,10,29.99694418979359,0.3333672902389332
PingPong_HeadStill1,RELATIVE_IRIS_TO_FACE,svr,"{'kernel': 'rbf', 'C': 5.0, 'epsilon': 0.2}",4,"left_iris_rel_face_x, left_iris_rel_face_y, right_iris_rel_face_x, right_iris_rel_face_y",4312,1078,195.63202866655743,142.89220138969807,134.61679397817574,7.256895215187822,650.4824753788229,110.48829464697351,224.34433002874792,86.10432055071058,67.39732843908659,155.87203303464878,117.66633543590731,425.71912111729137,10,29.99694418979359,0.3333672902389332
PingPong_HeadStill1,RELATIVE_IRIS_TO_FACE,svr,"{'kernel': 'rbf', 'C': 10.0, 'epsilon': 0.2}",4,"left_iris_rel_face_x, left_iris_rel_face_y, right_iris_rel_face_x, right_iris_rel_face_y",4312,1078,205.78784085648132,139.26933119887252,157.895258917412,7.658791520591029,719.7203359646455,109.7952658913766,233.36058761773546,80.74412248591297,54.195957450462785,168.72634327205085,120.61244856182418,474.4516333600933,10,29.99694418979359,0.3333672902389332
PingPong_HeadStill1,SQUARED_AND_INTERACTIONS,gradient_boosting,"{'n_estimators': 100, 'learning_rate': 0.001, 'max_depth': 10, 'min_samples_leaf': 3}",14,"avg_iris_rel_face_x_norm, avg_iris_rel_face_y_norm, face_yaw, face_pitch, face_roll, yaw_avg_iris_x_interaction, pitch_avg_iris_y_interaction, roll_avg_iris_x_interaction, roll_avg_iris_y_interaction, yaw_squared, pitch_squared, roll_squared, avg_iris_rel_face_x_norm_squared, avg_iris_rel_face_y_norm_squared",4312,1078,206.18992323463635,197.05865567665094,34.67488729138656,151.5152138717,328.7413463578902,179.23852888877485,225.5969676255648,143.59465027955306,140.36005849335163,109.05098269346122,109.48481762006656,260.56055847683325,10,29.99694418979359,0.3333672902389332
PingPong_HeadStill1,RELATIVE_IRIS_TO_FACE,gradient_boosting,"{'n_estimators': 100, 'learning_rate': 0.001, 'max_depth': 10, 'min_samples_leaf': 5}",4,"left_iris_rel_face_x, left_iris_rel_face_y, right_iris_rel_face_x, right_iris_rel_face_y",4312,1078,206.42142540811753,198.30320387381602,35.43014954390679,153.45708074791108,337.40396845028715,179.4735092232826,226.1600704159494,141.93649206346612,139.2989716819302,111.25190787698133,109.80884754790969,259.29638120583877,10,29.99694418979359,0.3333672902389332
PingPong_HeadStill1,RELATIVE_IRIS_TO_FACE,gradient_boosting,"{'n_estimators': 100, 'learning_rate': 0.001, 'max_depth': 10, 'min_samples_leaf': 3}",4,"left_iris_rel_face_x, left_iris_rel_face_y, right_iris_rel_face_x, right_iris_rel_face_y",4312,1078,206.56719927910893,198.18376903083936,35.59232735464195,153.43102800030533,337.37567485565035,179.26183171631686,226.29750967829477,142.11479067293197,139.51092435917616,111.26166307821427,109.57301825071477,259.7329513569092,10,29.99694418979359,0.3333672902389332
PingPong_HeadStill1,SQUARED_AND_INTERACTIONS,gradient_boosting,"{'n_estimators': 100, 'learning_rate': 0.001, 'max_depth': 10, 'min_samples_leaf': 5}",14,"avg_iris_rel_face_x_norm, avg_iris_rel_face_y_norm, face_yaw, face_pitch, face_roll, yaw_avg_iris_x_interaction, pitch_avg_iris_y_interaction, roll_avg_iris_x_interaction, roll_avg_iris_y_interaction, yaw_squared, pitch_squared, roll_squared, avg_iris_rel_face_x_norm_squared, avg_iris_rel_face_y_norm_squared",4312,1078,207.13096577467735,198.60954642877942,34.20124489512544,151.36771520718005,326.204156293154,180.66483582356065,225.99550518711663,143.7926281409823,141.86180652268902,109.91851091237749,109.57427050886582,260.54942257036686,10,29.99694418979359,0.3333672902389332
PingPong_HeadStill1,SQUARED_AND_INTERACTIONS,gradient_boosting,"{'n_estimators': 100, 'learning_rate': 0.001, 'max_depth': 5, 'min_samples_leaf': 3}",14,"avg_iris_rel_face_x_norm, avg_iris_rel_face_y_norm, face_yaw, face_pitch, face_roll, yaw_avg_iris_x_interaction, pitch_avg_iris_y_interaction, roll_avg_iris_x_interaction, roll_avg_iris_y_interaction, yaw_squared, pitch_squared, roll_squared, avg_iris_rel_face_x_norm_squared, avg_iris_rel_face_y_norm_squared",4312,1078,207.32567324781945,197.9648360401104,33.70872675881934,152.06008519180932,315.11846278287095,182.8977550730324,224.89212643024325,144.60200440351574,142.3365247171619,109.65793612250863,110.80978155139532,261.5499154954731,10,29.99694418979359,0.3333672902389332
PingPong_HeadStill1,SQUARED_AND_INTERACTIONS,gradient_boosting,"{'n_estimators': 100, 'learning_rate': 0.001, 'max_depth': 5, 'min_samples_leaf': 5}",14,"avg_iris_rel_face_x_norm, avg_iris_rel_face_y_norm, face_yaw, face_pitch, face_roll, yaw_avg_iris_x_interaction, pitch_avg_iris_y_interaction, roll_avg_iris_x_interaction, roll_avg_iris_y_interaction, yaw_squared, pitch_squared, roll_squared, avg_iris_rel_face_x_norm_squared, avg_iris_rel_face_y_norm_squared",4312,1078,207.40633591904935,197.96480387965875,33.74222449101729,152.0600348182518,315.1189545747963,182.89747070296448,225.19179603123985,144.70515569501896,142.3365599369071,109.65793612250859,110.80978155139532,261.5515134256052,10,29.99694418979359,0.3333672902389332
PingPong_HeadStill1,RELATIVE_IRIS_TO_FACE,gradient_boosting,"{'n_estimators': 100, 'learning_rate': 0.001, 'max_depth': 5, 'min_samples_leaf': 3}",4,"left_iris_rel_face_x, left_iris_rel_face_y, right_iris_rel_face_x, right_iris_rel_face_y",4312,1078,208.8732432464404,199.83219070555742,34.86417908468804,153.7422583216646,323.4685133812398,182.50587402418734,229.08702187797118,144.34730263899934,143.61361024449607,111.81489426660629,110.86285496596462,263.3842357766362,10,29.99694418979359,0.3333672902389332
PingPong_HeadStill1,RELATIVE_IRIS_TO_FACE,gradient_boosting,"{'n_estimators': 100, 'learning_rate': 0.001, 'max_depth': 5, 'min_samples_leaf': 5}",4,"left_iris_rel_face_x, left_iris_rel_face_y, right_iris_rel_face_x, right_iris_rel_face_y",4312,1078,208.93394224959485,199.87998321641766,34.898672450769574,153.74225790130356,323.4758328872077,182.5975217471815,229.03473848792947,144.39060667444798,143.61361040093186,111.80840660359107,110.86285439481338,263.3842357766362,10,29.99694418979359,0.3333672902389332
PingPong_HeadStill1,RELATIVE_IRIS_TO_FACE,elasticnet,"{'alpha': 1.0, 'l1_ratio': 0.5, 'max_iter': 2000}",4,"left_iris_rel_face_x, left_iris_rel_face_y, right_iris_rel_face_x, right_iris_rel_face_y",4312,1078,220.32539759940735,210.0731709601274,35.747353208395815,170.43562111338596,311.02535170692585,193.32361039061854,240.12476354863944,154.86294966628918,153.99999999999997,115.50087127952885,115.50000000000001,280.03550222314016,10,29.99694418979359,0.3333672902389332
PingPong_HeadStill1,RELATIVE_IRIS_TO_FACE,lasso,{'alpha': 1.0},4,"left_iris_rel_face_x, left_iris_rel_face_y, right_iris_rel_face_x, right_iris_rel_face_y",4312,1078,220.32539759940735,210.0731709601274,35.747353208395815,170.43562111338596,311.02535170692585,193.32361039061854,240.12476354863944,154.86294966628918,153.99999999999997,115.50087127952885,115.50000000000001,280.03550222314016,10,29.99694418979359,0.3333672902389332
PingPong_HeadStill1,SQUARED_AND_INTERACTIONS,elasticnet,"{'alpha': 1.0, 'l1_ratio': 0.5, 'max_iter': 2000}",14,"avg_iris_rel_face_x_norm, avg_iris_rel_face_y_norm, face_yaw, face_pitch, face_roll, yaw_avg_iris_x_interaction, pitch_avg_iris_y_interaction, roll_avg_iris_x_interaction, roll_avg_iris_y_interaction, yaw_squared, pitch_squared, roll_squared, avg_iris_rel_face_x_norm_squared, avg_iris_rel_face_y_norm_squared",4312,1078,220.32539759940735,210.0731709601274,35.747353208395815,170.43562111338596,311.02535170692585,193.32361039061854,240.12476354863944,154.86294966628918,153.99999999999997,115.50087127952885,115.50000000000001,280.03550222314016,10,29.99694418979359,0.3333672902389332
PingPong_HeadStill1,SQUARED_AND_INTERACTIONS,lasso,{'alpha': 1.0},14,"avg_iris_rel_face_x_norm, avg_iris_rel_face_y_norm, face_yaw, face_pitch, face_roll, yaw_avg_iris_x_interaction, pitch_avg_iris_y_interaction, roll_avg_iris_x_interaction, roll_avg_iris_y_interaction, yaw_squared, pitch_squared, roll_squared, avg_iris_rel_face_x_norm_squared, avg_iris_rel_face_y_norm_squared",4312,1078,220.32539759940735,210.0731709601274,35.747353208395815,170.43562111338596,311.02535170692585,193.32361039061854,240.12476354863944,154.86294966628918,153.99999999999997,115.50087127952885,115.50000000000001,280.03550222314016,10,29.99694418979359,0.3333672902389332
